-- phpMyAdmin SQL Dump
-- version 4.8.3
-- https://www.phpmyadmin.net/
--
-- Servidor: 127.0.0.1
-- Tiempo de generación: 09-09-2018 a las 20:10:21
-- Versión del servidor: 10.1.35-MariaDB
-- Versión de PHP: 7.2.9

SET SQL_MODE = "NO_AUTO_VALUE_ON_ZERO";
SET AUTOCOMMIT = 0;
START TRANSACTION;
SET time_zone = "+00:00";


/*!40101 SET @OLD_CHARACTER_SET_CLIENT=@@CHARACTER_SET_CLIENT */;
/*!40101 SET @OLD_CHARACTER_SET_RESULTS=@@CHARACTER_SET_RESULTS */;
/*!40101 SET @OLD_COLLATION_CONNECTION=@@COLLATION_CONNECTION */;
/*!40101 SET NAMES utf8mb4 */;

--
-- Base de datos: `eapi`
--

-- --------------------------------------------------------

--
-- Estructura de tabla para la tabla `migrations`
--

CREATE TABLE `migrations` (
  `id` int(10) UNSIGNED NOT NULL,
  `migration` varchar(255) COLLATE utf8mb4_unicode_ci NOT NULL,
  `batch` int(11) NOT NULL
) ENGINE=InnoDB DEFAULT CHARSET=utf8mb4 COLLATE=utf8mb4_unicode_ci;

--
-- Volcado de datos para la tabla `migrations`
--

INSERT INTO `migrations` (`id`, `migration`, `batch`) VALUES
(1, '2018_09_09_162605_create_products_table', 1),
(2, '2018_09_09_162620_create_reviews_table', 1);

-- --------------------------------------------------------

--
-- Estructura de tabla para la tabla `products`
--

CREATE TABLE `products` (
  `id` int(10) UNSIGNED NOT NULL,
  `name` varchar(255) COLLATE utf8mb4_unicode_ci NOT NULL,
  `detail` text COLLATE utf8mb4_unicode_ci NOT NULL,
  `price` int(11) NOT NULL,
  `stock` int(11) NOT NULL,
  `discount` int(11) NOT NULL,
  `created_at` timestamp NULL DEFAULT NULL,
  `updated_at` timestamp NULL DEFAULT NULL
) ENGINE=InnoDB DEFAULT CHARSET=utf8mb4 COLLATE=utf8mb4_unicode_ci;

--
-- Volcado de datos para la tabla `products`
--

INSERT INTO `products` (`id`, `name`, `detail`, `price`, `stock`, `discount`, `created_at`, `updated_at`) VALUES
(1, 'enim', 'Dolorum vel qui adipisci molestiae quia. Et laudantium quia voluptate et. Libero commodi minima qui earum.', 840, 3, 14, '2018-09-09 16:08:06', '2018-09-09 16:08:06'),
(2, 'natus', 'Esse sit praesentium corrupti esse fugit. Minima omnis ex beatae unde expedita nemo est sed. Explicabo pariatur ipsum tempore sit voluptatem quis voluptas. Voluptatem impedit voluptatem deleniti recusandae.', 151, 4, 24, '2018-09-09 16:08:06', '2018-09-09 16:08:06'),
(3, 'reiciendis', 'Ducimus ea soluta at est officiis. Illo et sit necessitatibus dolores. Sunt dolorem sunt adipisci odit. Totam et ex rerum libero dignissimos aperiam quae sunt.', 178, 7, 27, '2018-09-09 16:08:06', '2018-09-09 16:08:06'),
(4, 'sint', 'Et voluptatem doloremque ratione. Quos natus culpa fuga est vel recusandae. Vel aut ut laborum distinctio numquam dolore repellendus.', 390, 7, 2, '2018-09-09 16:08:06', '2018-09-09 16:08:06'),
(5, 'voluptate', 'Quo nesciunt sed debitis explicabo et deserunt eveniet nam. Eligendi sequi repellat ipsum cupiditate ut. Molestias quis et laudantium inventore expedita odit et. Officia quasi deserunt consectetur dolores vel totam vitae.', 685, 1, 14, '2018-09-09 16:08:06', '2018-09-09 16:08:06'),
(6, 'consequatur', 'Voluptas quidem est quisquam iusto in nemo sit. Ut recusandae voluptatum omnis aut. Recusandae cupiditate porro nulla sed sit ut.', 133, 6, 5, '2018-09-09 16:08:06', '2018-09-09 16:08:06'),
(7, 'ratione', 'Ad laudantium quos debitis voluptate exercitationem aliquid sit. Voluptatem ab itaque autem maxime. Nesciunt excepturi architecto et beatae porro reprehenderit quidem et.', 458, 6, 10, '2018-09-09 16:08:06', '2018-09-09 16:08:06'),
(8, 'facilis', 'Laboriosam aut vitae qui optio molestiae. Qui sit sapiente ea quam odio voluptatem. Illum quae rerum modi sit. Beatae consequatur ipsa rerum quae.', 442, 4, 18, '2018-09-09 16:08:06', '2018-09-09 16:08:06'),
(9, 'temporibus', 'Id rerum atque mollitia sint. Est veniam ea nisi et commodi tempore. Facilis magni explicabo laborum qui officia dolor quae.', 650, 9, 7, '2018-09-09 16:08:06', '2018-09-09 16:08:06'),
(10, 'magni', 'Cupiditate veritatis sint atque id officia esse. Quo quia et non. Dicta facilis et consectetur iusto minima est sit.', 386, 7, 28, '2018-09-09 16:08:06', '2018-09-09 16:08:06'),
(11, 'molestias', 'Eius veritatis consequatur molestiae cum est distinctio quia. Itaque consequatur repudiandae ab iste. Et doloribus laudantium blanditiis ut. Incidunt velit qui non corporis asperiores et ratione.', 562, 9, 12, '2018-09-09 16:08:06', '2018-09-09 16:08:06'),
(12, 'ullam', 'Animi blanditiis magni incidunt et qui. Quaerat porro suscipit maiores sunt non iure. Repudiandae laboriosam amet nulla. Aut accusantium sed eos.', 447, 0, 7, '2018-09-09 16:08:06', '2018-09-09 16:08:06'),
(13, 'odio', 'Porro sit alias rerum qui aut. Aut ducimus consequuntur blanditiis id porro aut unde repudiandae. Consequatur sunt provident quis et at beatae.', 928, 0, 4, '2018-09-09 16:08:06', '2018-09-09 16:08:06'),
(14, 'autem', 'Quibusdam sapiente voluptatibus ea consequatur explicabo quidem. Sint dolorem voluptatum qui ab. Qui rerum ut animi voluptatem. Porro voluptas ratione eum maiores. Ut qui autem nesciunt id minus.', 951, 6, 6, '2018-09-09 16:08:06', '2018-09-09 16:08:06'),
(15, 'inventore', 'Cum deleniti dolor rerum enim quos. Impedit qui debitis et reiciendis qui officia consequatur. Et magnam esse libero commodi eveniet rerum. Laborum assumenda ipsum dignissimos est.', 534, 8, 11, '2018-09-09 16:08:06', '2018-09-09 16:08:06'),
(16, 'nobis', 'Est voluptatem dicta provident facilis eius iusto earum. In quo dolorem cum omnis perferendis sed. Qui aut provident explicabo aliquid pariatur. Quae in ut perferendis voluptatum totam omnis. Deleniti voluptas at laudantium sed illum.', 386, 9, 16, '2018-09-09 16:08:06', '2018-09-09 16:08:06'),
(17, 'consequatur', 'Autem necessitatibus quas voluptatum dicta voluptates repudiandae libero. Delectus voluptates quae enim error enim alias doloremque nulla. Nesciunt numquam voluptatem suscipit quos. Libero necessitatibus eos mollitia est omnis illum. Et et eum eligendi a maxime ut.', 668, 6, 30, '2018-09-09 16:08:06', '2018-09-09 16:08:06'),
(18, 'fugit', 'Aut a aut vero quia. Libero perferendis dignissimos aut et soluta soluta ut. Et dolor ut excepturi voluptas odio porro accusamus. Amet ea dignissimos nostrum alias.', 687, 0, 29, '2018-09-09 16:08:06', '2018-09-09 16:08:06'),
(19, 'voluptatibus', 'Et qui qui qui aut accusantium quos fugiat repellat. Aliquid aut minus laudantium ex vero aut aut.', 352, 2, 27, '2018-09-09 16:08:06', '2018-09-09 16:08:06'),
(20, 'vitae', 'Ut dolorum sit quibusdam eos nostrum. Provident fuga aut amet magnam officiis dolor iste facilis. A totam sed molestiae rem ipsa.', 247, 0, 30, '2018-09-09 16:08:06', '2018-09-09 16:08:06'),
(21, 'vero', 'Eius ut aperiam explicabo eligendi tempora eos. Sequi libero repellat qui est. Velit dolor similique accusantium non rerum. Similique ipsa ea laborum error ipsum consequatur error est.', 503, 5, 19, '2018-09-09 16:08:06', '2018-09-09 16:08:06'),
(22, 'animi', 'Quisquam voluptas repudiandae ut nostrum sint. Debitis voluptas delectus ex consectetur. Quod sapiente vel quis saepe nam.', 368, 7, 21, '2018-09-09 16:08:06', '2018-09-09 16:08:06'),
(23, 'esse', 'Vero voluptatem officia est repellat eos voluptas. Aut tenetur temporibus aperiam dolorum similique non.', 547, 5, 29, '2018-09-09 16:08:06', '2018-09-09 16:08:06'),
(24, 'sed', 'Debitis ex neque enim hic omnis autem. Cum id necessitatibus impedit minima dolore alias quia. Necessitatibus maiores hic mollitia repellendus velit beatae.', 119, 2, 7, '2018-09-09 16:08:06', '2018-09-09 16:08:06'),
(25, 'quaerat', 'Magnam rerum officia voluptatibus et hic quam in. Sit aut sed minus rerum voluptates exercitationem tempora sed. Qui odio eum a rem alias saepe voluptatem sed.', 540, 6, 28, '2018-09-09 16:08:06', '2018-09-09 16:08:06'),
(26, 'provident', 'Commodi maiores perspiciatis et quidem deleniti qui quaerat. Animi hic voluptatum corporis earum rerum omnis ea. Culpa autem exercitationem dolorem est. Id qui molestiae quam sed. Sint non voluptas harum beatae qui expedita atque.', 510, 1, 13, '2018-09-09 16:08:06', '2018-09-09 16:08:06'),
(27, 'illo', 'Voluptatem vel autem sed et quo. Asperiores rerum quis perspiciatis ut repudiandae qui iste sint. Esse aliquam voluptatibus repudiandae hic ab iste consequatur. Dolores in saepe deleniti fuga aut aut consequatur.', 794, 7, 4, '2018-09-09 16:08:06', '2018-09-09 16:08:06'),
(28, 'nulla', 'Inventore qui qui voluptatibus libero asperiores. Dolorum itaque quia aliquam veniam ad pariatur quibusdam voluptas. Voluptatem rerum vel quisquam quasi. Ducimus sit consequatur tempore unde voluptatem et qui.', 364, 0, 23, '2018-09-09 16:08:06', '2018-09-09 16:08:06'),
(29, 'accusantium', 'Vel quibusdam reiciendis inventore sunt voluptates. Sunt expedita veniam esse iure iste.', 817, 1, 12, '2018-09-09 16:08:06', '2018-09-09 16:08:06'),
(30, 'quibusdam', 'Pariatur nesciunt nihil dolorem repellendus. Qui enim atque laudantium rerum et.', 512, 3, 27, '2018-09-09 16:08:06', '2018-09-09 16:08:06'),
(31, 'ipsum', 'Incidunt sed ipsam voluptas in est atque voluptas. Ut qui maxime aspernatur cupiditate corrupti ut neque. Magnam iste quas nihil aspernatur beatae.', 771, 2, 30, '2018-09-09 16:08:06', '2018-09-09 16:08:06'),
(32, 'quo', 'Officiis ducimus cum exercitationem. Eligendi reiciendis quia possimus quia aspernatur hic officia. Ut aperiam et ea minus similique. A beatae et qui dolor nihil repudiandae.', 468, 5, 2, '2018-09-09 16:08:06', '2018-09-09 16:08:06'),
(33, 'repellendus', 'Omnis odit eum ipsum eos et quis. Aspernatur rem et ut accusantium voluptas. Quisquam veritatis repellendus omnis fugit laboriosam. Dolor corporis illum delectus maxime velit cum et. Ab natus ea ut tempora nihil rem dolorem.', 102, 1, 8, '2018-09-09 16:08:06', '2018-09-09 16:08:06'),
(34, 'aut', 'Nam rerum sunt error optio sapiente fugiat reprehenderit. Quaerat aspernatur reprehenderit quibusdam ut. Itaque est enim ipsa expedita doloremque quam praesentium.', 687, 9, 2, '2018-09-09 16:08:06', '2018-09-09 16:08:06'),
(35, 'odit', 'Non illum vel quo voluptatibus. Iusto cupiditate fugiat voluptas. Dicta labore similique dolor.', 577, 2, 14, '2018-09-09 16:08:06', '2018-09-09 16:08:06'),
(36, 'sint', 'Modi impedit sequi quo tempore. Provident doloremque quidem eligendi eos in consequatur aut. Quibusdam repellat maxime quia maiores quibusdam quia omnis. Quia est cupiditate eos laborum numquam alias saepe.', 360, 9, 30, '2018-09-09 16:08:06', '2018-09-09 16:08:06'),
(37, 'quia', 'Aliquam beatae ut ducimus in. Esse culpa amet porro aut nisi. Sapiente in impedit aut suscipit atque occaecati adipisci.', 354, 2, 20, '2018-09-09 16:08:06', '2018-09-09 16:08:06'),
(38, 'consequuntur', 'Officia eum pariatur temporibus aperiam qui. Occaecati quae ducimus sunt quas molestias magnam quia. Rerum autem quia temporibus.', 220, 4, 27, '2018-09-09 16:08:06', '2018-09-09 16:08:06'),
(39, 'nihil', 'Qui aut placeat est nulla nisi ab. Earum sed quidem sit sequi deleniti. Voluptatibus id modi ad deserunt qui amet atque.', 790, 0, 13, '2018-09-09 16:08:06', '2018-09-09 16:08:06'),
(40, 'debitis', 'Non qui illo reprehenderit non neque. Rem doloribus eaque eius fuga. Laudantium sit maiores eligendi nisi esse. Tempore quod dolores aut doloremque labore voluptatem aut.', 814, 9, 7, '2018-09-09 16:08:06', '2018-09-09 16:08:06'),
(41, 'necessitatibus', 'Quidem tempore corrupti et occaecati est quo eaque. Est cum aut eum in. Impedit qui qui autem.', 118, 7, 5, '2018-09-09 16:08:06', '2018-09-09 16:08:06'),
(42, 'totam', 'Enim laboriosam qui hic quo. Voluptatem et suscipit distinctio distinctio. Culpa doloremque nihil et qui necessitatibus et aut.', 460, 0, 22, '2018-09-09 16:08:06', '2018-09-09 16:08:06'),
(43, 'architecto', 'Corporis at rerum quia veniam in dignissimos. Ducimus animi recusandae non occaecati. Voluptatem asperiores nesciunt ut occaecati quam consequatur.', 150, 0, 29, '2018-09-09 16:08:06', '2018-09-09 16:08:06'),
(44, 'dolores', 'Cumque quae sunt corrupti in fuga. Earum adipisci fugit itaque quisquam officia minus. Sunt numquam beatae libero reiciendis nihil autem ut. Qui reiciendis enim aliquam debitis quae.', 629, 6, 30, '2018-09-09 16:08:06', '2018-09-09 16:08:06'),
(45, 'quam', 'Placeat ut necessitatibus alias tempora corporis voluptatibus laboriosam. Veritatis hic occaecati nisi.', 462, 5, 17, '2018-09-09 16:08:06', '2018-09-09 16:08:06'),
(46, 'et', 'Dolores et molestiae non error repudiandae vitae. Quibusdam est officia consequatur modi magni voluptas atque. Fugiat occaecati delectus sed earum nostrum ut et. Fuga inventore eum dolorem consectetur voluptas ut.', 477, 1, 14, '2018-09-09 16:08:06', '2018-09-09 16:08:06'),
(47, 'tempora', 'Maxime aperiam enim vel aliquam veritatis deleniti. Eaque nisi dolores veritatis vero. Beatae iure corporis blanditiis. Sapiente dicta doloremque et omnis neque autem est quia.', 330, 6, 12, '2018-09-09 16:08:06', '2018-09-09 16:08:06'),
(48, 'non', 'Sint aliquam quia voluptatibus voluptatem aspernatur error eligendi. Voluptatem et repellendus suscipit autem.', 812, 7, 7, '2018-09-09 16:08:06', '2018-09-09 16:08:06'),
(49, 'esse', 'Molestiae animi quaerat aut iste architecto laborum reprehenderit. Numquam consequatur iusto laborum necessitatibus nesciunt esse. Quaerat voluptates reprehenderit omnis et hic sed optio nam. Similique et provident et qui ut repudiandae in.', 572, 5, 8, '2018-09-09 16:08:06', '2018-09-09 16:08:06'),
(50, 'occaecati', 'Ratione at aspernatur non iusto in excepturi exercitationem qui. Esse inventore ea sequi. Temporibus quidem enim et eligendi sapiente quos assumenda. Ipsum ad cumque eum rerum.', 476, 3, 14, '2018-09-09 16:08:06', '2018-09-09 16:08:06'),
(51, 'optio', 'Laboriosam debitis et ut vitae sunt enim. Officia veritatis provident amet dolorem repellat. Voluptas quia iure quibusdam in omnis provident. Laboriosam hic doloribus qui distinctio et in.', 679, 1, 16, '2018-09-09 16:09:17', '2018-09-09 16:09:17'),
(52, 'aut', 'Illum voluptate temporibus repellat aut porro. Non blanditiis et tenetur voluptas non labore voluptatem. Rem voluptatem est libero nam.', 634, 5, 8, '2018-09-09 16:09:17', '2018-09-09 16:09:17'),
(53, 'magnam', 'Enim in nesciunt quia ut et sint. Voluptas eos quam minus labore.', 674, 9, 3, '2018-09-09 16:09:17', '2018-09-09 16:09:17'),
(54, 'ab', 'Error accusamus velit consequatur doloribus placeat recusandae et et. Sit ex veritatis repellat commodi consequatur sequi. Aliquam aperiam praesentium eaque odit harum id similique qui. Quidem aut sunt et magni iure.', 927, 9, 8, '2018-09-09 16:09:17', '2018-09-09 16:09:17'),
(55, 'magnam', 'Provident fugit sint sint quo. Quia amet nemo necessitatibus culpa veniam error sed. Laborum architecto hic veniam fugit omnis. Aspernatur eum voluptas expedita ut. Quia neque perspiciatis consequuntur nam est.', 329, 9, 14, '2018-09-09 16:09:17', '2018-09-09 16:09:17'),
(56, 'autem', 'Temporibus reprehenderit deserunt omnis inventore assumenda est. Est rerum omnis perspiciatis assumenda ut dignissimos odit. Quia voluptas aut vel beatae sed. Nobis laborum dicta aut ut. Illo quia dolores culpa mollitia impedit.', 554, 2, 13, '2018-09-09 16:09:17', '2018-09-09 16:09:17'),
(57, 'eligendi', 'Sunt est unde voluptas dolor aut. Vero ut aperiam provident sunt consequatur minima quisquam hic. Voluptatum qui a quia eaque culpa. Eius quod provident ipsum aut quo rerum.', 392, 8, 5, '2018-09-09 16:09:17', '2018-09-09 16:09:17'),
(58, 'cupiditate', 'Et sunt nostrum cum ex commodi neque. Optio sint consequatur rerum eum. Commodi accusamus quasi nulla nostrum odit. Delectus esse perspiciatis reiciendis optio nobis non tenetur.', 305, 1, 26, '2018-09-09 16:09:17', '2018-09-09 16:09:17'),
(59, 'aut', 'Dolor dolorem sit nobis nesciunt accusantium accusamus nobis voluptatibus. Suscipit optio reiciendis sit.', 669, 8, 28, '2018-09-09 16:09:17', '2018-09-09 16:09:17'),
(60, 'incidunt', 'Ea tenetur ea debitis quam et qui atque repellendus. Hic quia vero nisi totam similique. Quis nostrum illum enim animi voluptates explicabo maxime.', 175, 7, 14, '2018-09-09 16:09:17', '2018-09-09 16:09:17'),
(61, 'optio', 'Quibusdam quae sed ut. Est ipsam vel iste aspernatur quos repellendus. Libero eum et qui omnis debitis et. Molestias tenetur nulla et non repellat blanditiis.', 444, 4, 19, '2018-09-09 16:09:17', '2018-09-09 16:09:17'),
(62, 'aspernatur', 'Doloribus et non et aut omnis. Est sequi quia optio aut sit. Perferendis reiciendis non officiis tenetur quae.', 226, 4, 24, '2018-09-09 16:09:17', '2018-09-09 16:09:17'),
(63, 'sed', 'Mollitia molestiae voluptatem maiores ipsam corrupti voluptate sit. Tenetur rerum sint ab omnis est. Recusandae vitae non aut animi. Consequatur et ipsam qui et non quas.', 606, 5, 5, '2018-09-09 16:09:17', '2018-09-09 16:09:17'),
(64, 'et', 'At qui culpa illo id. Ducimus minus sed officia enim. Aut ab quo quia facilis est et.', 711, 3, 14, '2018-09-09 16:09:17', '2018-09-09 16:09:17'),
(65, 'neque', 'Qui accusantium iste quod a et. Beatae et voluptas vitae. Magni maiores necessitatibus sapiente laudantium inventore et. Et quidem illum odit voluptates et harum voluptate.', 966, 2, 17, '2018-09-09 16:09:17', '2018-09-09 16:09:17'),
(66, 'ipsam', 'Exercitationem deleniti natus voluptatum minus est commodi et. Temporibus suscipit nisi vel atque nesciunt. Ad quia consequuntur minus voluptas consequatur voluptatum. Quos ducimus distinctio ratione debitis atque.', 749, 1, 27, '2018-09-09 16:09:17', '2018-09-09 16:09:17'),
(67, 'qui', 'Natus et blanditiis a id vel ea debitis animi. Expedita exercitationem provident voluptatum illo neque a. Dolorum possimus ipsa sed sint.', 317, 4, 15, '2018-09-09 16:09:17', '2018-09-09 16:09:17'),
(68, 'alias', 'Nesciunt ipsum sit sint neque. Repudiandae dignissimos id qui sit labore et. Voluptas architecto quae maiores. Iste occaecati sunt in laborum voluptatum id.', 953, 8, 10, '2018-09-09 16:09:17', '2018-09-09 16:09:17'),
(69, 'voluptatibus', 'Veniam expedita et et temporibus aliquam iure. Harum ea repellendus voluptatibus sint fugit sit quasi. Cupiditate ad enim sequi itaque ut tempora.', 836, 9, 11, '2018-09-09 16:09:17', '2018-09-09 16:09:17'),
(70, 'ea', 'Nostrum cum delectus voluptatem rem commodi qui. Quidem repudiandae similique asperiores quos aut voluptas. Ea nesciunt exercitationem ut officia quidem error quia vero.', 938, 7, 25, '2018-09-09 16:09:17', '2018-09-09 16:09:17'),
(71, 'iure', 'Repudiandae aliquid et doloremque quibusdam delectus autem et. Mollitia tempore tenetur aliquid consequuntur sed a qui amet. Rerum eos amet ea. Aliquid voluptatibus et quia deserunt consequuntur.', 778, 5, 23, '2018-09-09 16:09:17', '2018-09-09 16:09:17'),
(72, 'consequatur', 'Voluptatem et perferendis incidunt ex velit neque ab. Id iusto est non minima aliquam asperiores. Ratione nobis repellendus ea illo quisquam.', 784, 4, 6, '2018-09-09 16:09:17', '2018-09-09 16:09:17'),
(73, 'optio', 'Id magni asperiores voluptas sapiente molestiae repellendus. Nam ab sint in cum ea. Tenetur facilis voluptatem reprehenderit ducimus.', 489, 6, 27, '2018-09-09 16:09:17', '2018-09-09 16:09:17'),
(74, 'suscipit', 'Iste ducimus unde vel et quo. Omnis sed optio laborum aliquid reiciendis.', 214, 5, 15, '2018-09-09 16:09:17', '2018-09-09 16:09:17'),
(75, 'cum', 'Quis iusto consequatur ea animi provident odio laboriosam quisquam. Rerum sed mollitia quia. Quae occaecati voluptates officia ut neque aperiam beatae.', 360, 1, 23, '2018-09-09 16:09:17', '2018-09-09 16:09:17'),
(76, 'dolor', 'Qui beatae doloribus occaecati libero eaque ut magnam maxime. Nisi nobis incidunt adipisci non repudiandae dolore. Et distinctio necessitatibus non tempore quia deserunt. Quod quia molestias error ea et. Culpa eius aut voluptas et ut culpa aut.', 224, 9, 22, '2018-09-09 16:09:17', '2018-09-09 16:09:17'),
(77, 'officia', 'Quo qui sit amet ut est consequatur quia ipsum. Temporibus qui reprehenderit assumenda illo nobis libero laborum rerum. Quia veritatis voluptas et sed quo. Ducimus aut sapiente fugiat in.', 938, 3, 17, '2018-09-09 16:09:17', '2018-09-09 16:09:17'),
(78, 'est', 'Sunt rem dolore excepturi consequatur at molestiae non. Maiores nesciunt qui sint maxime inventore. Aut cupiditate et debitis fuga aut consequuntur quam.', 352, 9, 13, '2018-09-09 16:09:17', '2018-09-09 16:09:17'),
(79, 'eius', 'Voluptas qui sit omnis repellendus non minus facilis. Reprehenderit impedit illum et aut recusandae rerum delectus. Nemo quos dolorum quo est tenetur consequatur quia. Reiciendis dolore ipsum quia sapiente illo.', 619, 5, 17, '2018-09-09 16:09:17', '2018-09-09 16:09:17'),
(80, 'consectetur', 'Ipsa totam aut necessitatibus provident totam. Officiis temporibus minima sunt nostrum autem recusandae. Culpa hic ad quam nobis sit aut.', 148, 4, 7, '2018-09-09 16:09:17', '2018-09-09 16:09:17'),
(81, 'tenetur', 'Illo corporis ut autem doloribus ea. Mollitia architecto et odio atque iste ut ullam. Praesentium ab quia repellat labore suscipit nam.', 521, 8, 12, '2018-09-09 16:09:17', '2018-09-09 16:09:17'),
(82, 'quia', 'Eum voluptatem doloremque ut dolorem dolorum sit atque. Qui aut non quas minus fuga. Sapiente porro itaque cum quia beatae repudiandae.', 623, 8, 19, '2018-09-09 16:09:17', '2018-09-09 16:09:17'),
(83, 'ipsum', 'Sint inventore consectetur voluptate ut laudantium. Expedita quidem aut hic alias expedita et libero nobis. Veritatis quia beatae sint dolorem a quia veniam. Expedita quis id est possimus soluta neque quis.', 812, 3, 3, '2018-09-09 16:09:17', '2018-09-09 16:09:17'),
(84, 'velit', 'Illum facere qui quam accusamus veritatis praesentium. Omnis maiores est cupiditate quia vero quo. Iusto voluptatem accusamus facilis temporibus id doloremque illum sapiente.', 582, 3, 17, '2018-09-09 16:09:17', '2018-09-09 16:09:17'),
(85, 'rerum', 'Sed et velit sit quia dolorem voluptatem. Sapiente excepturi accusamus blanditiis sit. Aut sit ut fugit perspiciatis natus esse voluptate. Dignissimos sed ratione est doloremque modi.', 186, 1, 12, '2018-09-09 16:09:17', '2018-09-09 16:09:17'),
(86, 'sed', 'Eum perferendis sapiente labore tempore minus. Facilis architecto et a sit iure et beatae. Facere et suscipit accusamus aut inventore ut. Quasi quaerat perferendis eveniet porro nesciunt asperiores rerum nemo.', 248, 8, 25, '2018-09-09 16:09:17', '2018-09-09 16:09:17'),
(87, 'sit', 'Repudiandae magnam nostrum iusto doloribus. Voluptatem labore quisquam consequatur. Aut qui minima quaerat placeat minima aliquid facere.', 154, 7, 10, '2018-09-09 16:09:17', '2018-09-09 16:09:17'),
(88, 'et', 'Alias dolore neque qui voluptatibus libero. Quia porro sit sed rerum. Esse provident velit quibusdam nulla ut quod. Voluptatem nulla veniam qui fuga est mollitia.', 165, 1, 5, '2018-09-09 16:09:17', '2018-09-09 16:09:17'),
(89, 'tempora', 'Ut magni aut eos sed corporis quo. Harum perferendis id ab sint optio sint eum. Repellendus architecto velit distinctio quis inventore excepturi nobis. Sit et sed eligendi facere quod nemo tempore.', 989, 2, 27, '2018-09-09 16:09:17', '2018-09-09 16:09:17'),
(90, 'aspernatur', 'Temporibus quisquam deleniti dicta commodi eos. Incidunt cupiditate quis voluptatibus exercitationem nesciunt ad. Dolor in culpa error quis omnis sed.', 815, 7, 3, '2018-09-09 16:09:17', '2018-09-09 16:09:17'),
(91, 'eaque', 'Quia odit velit laudantium aut. Est qui veritatis qui officia facilis similique asperiores. Perferendis sit ipsa sint voluptatem.', 918, 7, 4, '2018-09-09 16:09:17', '2018-09-09 16:09:17'),
(92, 'explicabo', 'Nam facere aut dolores enim facere facilis voluptas. Animi autem voluptatibus voluptatem voluptas corrupti nemo laboriosam ut. Eveniet quisquam consequuntur rerum nisi rerum veniam dolorem. Beatae beatae consequatur deserunt vel eum pariatur consequatur occaecati.', 237, 4, 14, '2018-09-09 16:09:17', '2018-09-09 16:09:17'),
(93, 'fugit', 'Cupiditate maxime vel autem consequatur eum placeat aut at. Qui nemo labore facilis rerum minus eos doloremque. Explicabo officia sequi modi a aperiam eos adipisci. Voluptas voluptas voluptatem debitis omnis qui praesentium.', 490, 9, 6, '2018-09-09 16:09:17', '2018-09-09 16:09:17'),
(94, 'tenetur', 'Et quae nemo unde est. Iure dicta ut magnam non dignissimos facere non. Sit distinctio inventore debitis neque aut ut rerum.', 712, 4, 16, '2018-09-09 16:09:17', '2018-09-09 16:09:17'),
(95, 'fugiat', 'Veritatis animi aspernatur delectus quisquam eius est rem. Possimus ab id et mollitia ut aut in. Ea voluptates eum sit in est.', 408, 4, 28, '2018-09-09 16:09:17', '2018-09-09 16:09:17'),
(96, 'consequatur', 'Quasi deserunt adipisci doloribus neque doloremque quasi quis numquam. Ducimus et possimus maxime qui vitae et consequatur.', 912, 8, 11, '2018-09-09 16:09:17', '2018-09-09 16:09:17'),
(97, 'autem', 'Doloremque deserunt numquam quasi numquam aut molestiae. Nostrum eveniet maiores soluta. Laborum et est distinctio. Facilis est id est quia est.', 858, 7, 30, '2018-09-09 16:09:17', '2018-09-09 16:09:17'),
(98, 'repellat', 'Velit necessitatibus architecto commodi eos incidunt tenetur voluptas. Minus repellat aut reiciendis recusandae illum necessitatibus tenetur ut. Sequi voluptatem ut accusantium reprehenderit numquam dicta atque. Corrupti vel molestias omnis. Et repellat facere quam blanditiis voluptatem neque.', 136, 4, 19, '2018-09-09 16:09:17', '2018-09-09 16:09:17'),
(99, 'dolor', 'Laborum consequatur porro vel doloremque. Asperiores labore minus voluptatem et et. Modi optio quaerat nihil eum unde.', 668, 6, 19, '2018-09-09 16:09:17', '2018-09-09 16:09:17'),
(100, 'vel', 'Assumenda quaerat aliquid voluptate quia. Qui dolor aspernatur dolore. Voluptatem velit saepe nihil ut. Cum est repellendus aut est perferendis.', 242, 3, 5, '2018-09-09 16:09:17', '2018-09-09 16:09:17');

-- --------------------------------------------------------

--
-- Estructura de tabla para la tabla `reviews`
--

CREATE TABLE `reviews` (
  `id` int(10) UNSIGNED NOT NULL,
  `product_id` int(10) UNSIGNED NOT NULL,
  `customer` varchar(255) COLLATE utf8mb4_unicode_ci NOT NULL,
  `review` text COLLATE utf8mb4_unicode_ci NOT NULL,
  `star` int(11) NOT NULL,
  `created_at` timestamp NULL DEFAULT NULL,
  `updated_at` timestamp NULL DEFAULT NULL
) ENGINE=InnoDB DEFAULT CHARSET=utf8mb4 COLLATE=utf8mb4_unicode_ci;

--
-- Volcado de datos para la tabla `reviews`
--

INSERT INTO `reviews` (`id`, `product_id`, `customer`, `review`, `star`, `created_at`, `updated_at`) VALUES
(1, 73, 'Myles Larkin MD', 'At iste hic dolores aut molestiae non et. Perferendis voluptates reprehenderit rerum pariatur vero numquam. Adipisci in et est voluptatem omnis. Omnis est quae libero praesentium.', 4, '2018-09-09 16:09:18', '2018-09-09 16:09:18'),
(2, 28, 'Marvin Kutch', 'Quis veniam voluptate dicta eum. Aut eligendi adipisci qui rerum et.', 1, '2018-09-09 16:09:18', '2018-09-09 16:09:18'),
(3, 92, 'Jovanny Corkery', 'Voluptatibus et voluptates laudantium eligendi rerum. At adipisci asperiores ut aut iure beatae. Tenetur iure delectus ea aliquam vitae.', 3, '2018-09-09 16:09:18', '2018-09-09 16:09:18'),
(4, 31, 'Prof. Dario Wintheiser II', 'Rerum nobis velit rem aliquid. Repudiandae nihil ut vel omnis eius ea. Ut et nulla magni quia aut quod quia vitae.', 3, '2018-09-09 16:09:18', '2018-09-09 16:09:18'),
(5, 61, 'Destinee Romaguera V', 'Ipsum ut repellat velit itaque aperiam. Autem enim ab quia harum. Quis commodi eum praesentium ullam ut voluptas. Adipisci adipisci et asperiores laboriosam error.', 5, '2018-09-09 16:09:18', '2018-09-09 16:09:18'),
(6, 38, 'Matteo Lockman MD', 'Eius at tempora molestias libero sint amet. Libero neque a aspernatur et eum dolore provident. Et quae voluptatem quia quidem accusamus nihil veniam. Culpa et laborum ut voluptatibus a.', 5, '2018-09-09 16:09:18', '2018-09-09 16:09:18'),
(7, 54, 'Jade Rau', 'Ut laborum qui incidunt. Nostrum nesciunt quia nobis ad voluptatem labore. Eligendi quasi porro qui deserunt aperiam unde modi.', 3, '2018-09-09 16:09:18', '2018-09-09 16:09:18'),
(8, 42, 'Miss Adele Mosciski', 'In aspernatur perferendis autem ipsam. Cupiditate ducimus laborum itaque assumenda. Velit et architecto unde quis cumque eaque. Minima blanditiis unde sint rerum rerum.', 1, '2018-09-09 16:09:18', '2018-09-09 16:09:18'),
(9, 100, 'Ms. Candida Cassin V', 'Saepe aut sed necessitatibus consequatur ad aut. Dolor eveniet neque ut quidem reiciendis deserunt. Sed magnam provident officia est.', 4, '2018-09-09 16:09:18', '2018-09-09 16:09:18'),
(10, 39, 'Derick Oberbrunner', 'Quis aliquid delectus enim reprehenderit libero. Et maiores officia expedita sed recusandae. Iste voluptas autem maxime.', 5, '2018-09-09 16:09:18', '2018-09-09 16:09:18'),
(11, 20, 'Haylee Connelly', 'Consequuntur at nulla praesentium sint vel quo. Animi quibusdam accusamus ipsum fugit consequuntur. Inventore delectus voluptas voluptatem voluptatum sequi repudiandae. Voluptas quod qui sed quia.', 3, '2018-09-09 16:09:18', '2018-09-09 16:09:18'),
(12, 68, 'Vernie Moen', 'Maxime aut odio enim. Fuga qui nulla voluptatibus minus ut.', 5, '2018-09-09 16:09:18', '2018-09-09 16:09:18'),
(13, 81, 'Shirley Walter DVM', 'Non unde ea inventore. Dolores quo animi ut ut dolor. Voluptas ullam omnis non sequi officiis harum quod. Non ut facilis dignissimos nam ipsum doloremque minima.', 4, '2018-09-09 16:09:18', '2018-09-09 16:09:18'),
(14, 54, 'Johnson Heller', 'Vel est possimus facere omnis excepturi quae. Sit iure debitis at. Non sed qui asperiores placeat animi et.', 5, '2018-09-09 16:09:18', '2018-09-09 16:09:18'),
(15, 15, 'Dakota Willms', 'Enim dolorem velit non quo officiis. A adipisci nostrum omnis sequi. Laudantium ipsum reiciendis error blanditiis eveniet aut. Praesentium pariatur incidunt expedita minus vel distinctio.', 5, '2018-09-09 16:09:18', '2018-09-09 16:09:18'),
(16, 30, 'Ms. Vena Botsford', 'Aut aperiam ratione laborum qui. Quis velit et non quas aut tempore nisi voluptatem. Eum autem labore dolorem omnis necessitatibus dolore. Corporis qui hic et ut voluptatem ad.', 2, '2018-09-09 16:09:18', '2018-09-09 16:09:18'),
(17, 31, 'Stacy Lemke DDS', 'Vero omnis voluptas dolorem iste illum accusantium ut. Iure libero omnis porro alias. Dolor id blanditiis voluptates consectetur illum. Repellendus suscipit cumque rem et id sed.', 4, '2018-09-09 16:09:18', '2018-09-09 16:09:18'),
(18, 100, 'Madisen Moen', 'Natus ut iure est ipsam. Omnis at doloremque et porro nemo totam. Quo nisi placeat voluptate neque. Voluptatem est commodi dolores quisquam.', 5, '2018-09-09 16:09:18', '2018-09-09 16:09:18'),
(19, 75, 'Tyrique Runolfsson', 'Minima quis est quo officiis. Sint eum quis impedit velit accusamus et numquam. Qui quasi repellat nesciunt at temporibus.', 2, '2018-09-09 16:09:18', '2018-09-09 16:09:18'),
(20, 80, 'Bettye Sawayn', 'Blanditiis sed voluptas doloremque iure voluptatibus porro veniam error. Aut enim iste distinctio labore assumenda aut. Culpa vel aut odio rerum ea tempore sint.', 4, '2018-09-09 16:09:18', '2018-09-09 16:09:18'),
(21, 42, 'Jeffry McDermott', 'Autem quo est reprehenderit velit facere perferendis delectus. Aut inventore aut repellendus dolore facere libero.', 5, '2018-09-09 16:09:18', '2018-09-09 16:09:18'),
(22, 89, 'Mr. Ulises Cummerata', 'Et sunt earum iusto quia cumque officia maiores natus. Labore corporis quaerat aut vel. Voluptatum voluptatibus autem aut voluptatem omnis dolore. Consequatur ea qui voluptatum necessitatibus.', 0, '2018-09-09 16:09:18', '2018-09-09 16:09:18'),
(23, 99, 'Devyn Volkman', 'Est voluptatem voluptate magnam nulla odio ducimus. Mollitia totam est ipsam nemo. Maxime perferendis voluptatibus asperiores ut.', 2, '2018-09-09 16:09:18', '2018-09-09 16:09:18'),
(24, 56, 'Emmitt Maggio', 'Quo et fugiat autem dolores aliquid aut dolorem. Quasi voluptas qui odit consectetur repellat illo ut. Quos minima consequatur accusamus aut quam omnis enim. Mollitia sit non ipsa reiciendis et quia quos.', 2, '2018-09-09 16:09:18', '2018-09-09 16:09:18'),
(25, 92, 'Jamel Corwin', 'Accusantium similique et et rerum. Esse iure expedita ea velit. Consequatur saepe corporis et animi.', 1, '2018-09-09 16:09:18', '2018-09-09 16:09:18'),
(26, 21, 'Prof. Paolo Nolan', 'Saepe temporibus minima nam ipsa. Est occaecati ullam sit dicta. Explicabo quidem fugiat est non.', 5, '2018-09-09 16:09:18', '2018-09-09 16:09:18'),
(27, 7, 'Ollie Bosco', 'Non sequi sunt et quod ex non et nulla. Voluptate omnis totam suscipit ex. Ut dignissimos voluptatem omnis temporibus accusantium sit aperiam.', 1, '2018-09-09 16:09:18', '2018-09-09 16:09:18'),
(28, 85, 'Kaitlin Kassulke', 'Quis repellendus veniam nihil perspiciatis velit ad nam est. Quod mollitia labore dignissimos cumque saepe eos id. Provident id et et consequatur illo id suscipit corporis. Dolorem officia doloremque ea et similique.', 4, '2018-09-09 16:09:18', '2018-09-09 16:09:18'),
(29, 100, 'Kamille Heidenreich DVM', 'Consequatur mollitia aut possimus odio. Et vel maiores voluptate aut. Numquam non laboriosam amet vitae ipsa reprehenderit modi. Molestiae dolorem aliquam incidunt quod quia.', 5, '2018-09-09 16:09:18', '2018-09-09 16:09:18'),
(30, 49, 'Krystina Kemmer I', 'Adipisci qui qui voluptatem ipsum voluptate. Et omnis veniam nesciunt dolor architecto eos. Qui ducimus vel voluptas minus fuga odio.', 4, '2018-09-09 16:09:18', '2018-09-09 16:09:18'),
(31, 10, 'Prof. Rogelio Considine', 'Et est qui et. Ratione architecto quaerat qui id cumque. Voluptatibus qui impedit voluptas ut autem tenetur.', 4, '2018-09-09 16:09:18', '2018-09-09 16:09:18'),
(32, 77, 'Dr. Camron Eichmann', 'Dolores sunt at quo reiciendis sed facere. Rerum aut minus esse occaecati perferendis numquam aspernatur rerum.', 3, '2018-09-09 16:09:18', '2018-09-09 16:09:18'),
(33, 36, 'Deron Kuhic IV', 'Consectetur nobis repellat voluptatem velit qui provident. Vel eius quod laboriosam. Deserunt dolore modi totam nostrum ea.', 4, '2018-09-09 16:09:18', '2018-09-09 16:09:18'),
(34, 14, 'Zelma Luettgen', 'Explicabo quam debitis rerum. Voluptas aperiam distinctio natus ea. Eaque eum asperiores cupiditate molestiae. Et laborum molestias deleniti quos et accusantium saepe.', 2, '2018-09-09 16:09:18', '2018-09-09 16:09:18'),
(35, 60, 'Otis Hoeger', 'Aliquid voluptate asperiores doloremque. Sequi eos dolores aut aperiam. Vel rem occaecati consequuntur.', 3, '2018-09-09 16:09:18', '2018-09-09 16:09:18'),
(36, 31, 'Roscoe Wintheiser V', 'Non id quos omnis doloremque beatae. Magnam et inventore culpa et magnam veniam. Voluptas voluptas commodi rerum ea magnam molestiae.', 4, '2018-09-09 16:09:18', '2018-09-09 16:09:18'),
(37, 59, 'Evan Maggio', 'Occaecati et quaerat aut delectus nostrum qui debitis. Repellat dicta mollitia iusto accusantium consequatur aut. Architecto fuga dolore molestiae non est cupiditate aliquid. Quaerat fuga odio architecto quam.', 0, '2018-09-09 16:09:18', '2018-09-09 16:09:18'),
(38, 62, 'Mariah Wilkinson', 'Voluptas quae pariatur et et sed facilis in debitis. Sed aut ut maiores dignissimos. Quas nihil et perferendis esse iure perferendis velit. Est fugit laudantium ullam quas deserunt tempore soluta quidem.', 0, '2018-09-09 16:09:18', '2018-09-09 16:09:18'),
(39, 25, 'Nikolas Pagac DVM', 'Iste earum saepe voluptatem vero et vel. Dolore ullam sed iure nostrum aperiam. Nesciunt atque dignissimos cum ea aut quia impedit quo. Quidem non ut vel quo.', 2, '2018-09-09 16:09:18', '2018-09-09 16:09:18'),
(40, 50, 'Miss Mertie Hessel IV', 'Est sed accusamus veritatis. Asperiores id dolore sit neque mollitia quia. Veritatis non at est voluptas amet et.', 2, '2018-09-09 16:09:18', '2018-09-09 16:09:18'),
(41, 34, 'Dr. Makenna Kihn', 'Illum nostrum accusantium doloremque quas minima eum. Accusantium inventore ipsum ad aspernatur placeat deleniti vel rem. Dolorem tempora quo quos expedita fugiat aut. Est cupiditate aut aut ipsa aut.', 0, '2018-09-09 16:09:18', '2018-09-09 16:09:18'),
(42, 95, 'Mr. Judah Mills IV', 'Doloribus in voluptatem eum ipsum eos error. Omnis facere eum aut et et. Aspernatur aut praesentium fuga porro.', 1, '2018-09-09 16:09:18', '2018-09-09 16:09:18'),
(43, 67, 'Ericka Wolf', 'Voluptates magni veniam quas aspernatur aut magnam beatae eveniet. Consequatur deserunt nemo necessitatibus velit. Quia iusto sunt iste et deserunt ab. Odio ullam doloribus in consequuntur eos doloremque alias placeat.', 4, '2018-09-09 16:09:18', '2018-09-09 16:09:18'),
(44, 29, 'Jamie Walter', 'Iusto nemo dolor voluptatem rerum. Unde harum eos qui magnam. Similique ea ipsa ab consequatur in totam corporis.', 5, '2018-09-09 16:09:18', '2018-09-09 16:09:18'),
(45, 97, 'Blake Zemlak', 'Nihil laboriosam fugiat harum sit. Minus unde molestiae sed saepe tempora atque veritatis. Ratione qui et quod est omnis non consectetur cupiditate. Itaque dolor nam a.', 3, '2018-09-09 16:09:18', '2018-09-09 16:09:18'),
(46, 4, 'Cecelia Hagenes II', 'Est sed porro et. Dolor ut eum eos sint voluptates. Iusto in molestiae voluptatem dignissimos quo modi. Nihil dolor quas perspiciatis voluptatum accusamus modi.', 4, '2018-09-09 16:09:18', '2018-09-09 16:09:18'),
(47, 8, 'Khalid Will', 'Molestiae voluptatem sed debitis voluptatem vel architecto. Saepe maxime non ea asperiores. Qui delectus dolores dolor commodi repellendus qui.', 1, '2018-09-09 16:09:18', '2018-09-09 16:09:18'),
(48, 52, 'Katheryn Romaguera', 'Consequatur mollitia iusto soluta vero. Qui est voluptate quia molestias. Non qui sit dolor molestias. Numquam quaerat accusamus corporis ut omnis ut beatae ipsum.', 2, '2018-09-09 16:09:18', '2018-09-09 16:09:18'),
(49, 37, 'Luella Crist', 'Laborum dolore commodi id minus velit facere quibusdam. Quasi exercitationem necessitatibus sapiente voluptatibus facilis. Molestiae sit sed tempore magni sit quis.', 4, '2018-09-09 16:09:18', '2018-09-09 16:09:18'),
(50, 60, 'Amina Haag IV', 'Ut ut repudiandae voluptates qui rerum. Sed assumenda molestiae iusto aut dolores eum. Aut tenetur veritatis aperiam vel sunt sapiente. Ipsam iste dolore eveniet et ut quam.', 5, '2018-09-09 16:09:18', '2018-09-09 16:09:18'),
(51, 23, 'Mrs. Rhianna Ziemann PhD', 'Voluptatem aliquam libero voluptates consequatur sint reprehenderit. Praesentium quibusdam labore ipsa dolorem dolorem aliquam possimus. Aliquam repudiandae enim assumenda accusantium quis. At modi explicabo voluptas error.', 1, '2018-09-09 16:09:18', '2018-09-09 16:09:18'),
(52, 37, 'Mrs. Gracie Sauer Jr.', 'Odio qui error quos dolores. Est aut harum dolores distinctio dolorem saepe. Omnis excepturi libero veritatis. Exercitationem eum rerum alias placeat et a sint.', 4, '2018-09-09 16:09:18', '2018-09-09 16:09:18'),
(53, 49, 'Harmony Dare', 'Et eum nobis sit minima. Eum molestias doloribus et totam delectus nihil magnam qui.', 3, '2018-09-09 16:09:18', '2018-09-09 16:09:18'),
(54, 89, 'Francesco Gerhold II', 'Odio eum non libero nisi dolores numquam. Iure architecto possimus quae et aut illum ut veritatis. Sint consequatur sapiente sit voluptas. Eos libero sequi velit sequi consequatur quod.', 4, '2018-09-09 16:09:18', '2018-09-09 16:09:18'),
(55, 45, 'Bessie Funk', 'Velit repudiandae amet aut assumenda distinctio veniam. Quasi est nam sed ad doloremque reprehenderit. Voluptatem aspernatur deleniti veniam.', 0, '2018-09-09 16:09:18', '2018-09-09 16:09:18'),
(56, 11, 'Schuyler Swift Sr.', 'Ipsa nulla sit architecto cupiditate. Esse ullam aspernatur qui. Quia dicta explicabo ea quis doloremque voluptas culpa.', 2, '2018-09-09 16:09:18', '2018-09-09 16:09:18'),
(57, 23, 'Mr. Sherman Oberbrunner', 'Ipsum ut aut ratione doloremque quo est corporis architecto. Autem commodi cupiditate occaecati voluptates. Molestiae est inventore ea eos veritatis magnam beatae non. Maxime qui iste enim consectetur nihil explicabo quis assumenda. Magnam quidem consequatur sapiente rem est eaque consequatur dignissimos.', 5, '2018-09-09 16:09:18', '2018-09-09 16:09:18'),
(58, 56, 'Prof. Maci Okuneva', 'Suscipit est a fugiat sapiente occaecati. Exercitationem necessitatibus dolorum aut voluptatem mollitia. Quibusdam incidunt nesciunt rerum quia assumenda.', 4, '2018-09-09 16:09:18', '2018-09-09 16:09:18'),
(59, 72, 'Elinore Waelchi', 'Quae aperiam aut est eos. Quo hic consectetur adipisci nihil id non officia porro. Sunt nostrum saepe modi impedit ratione inventore eius. Perspiciatis sit magnam quod quae aut amet quos.', 1, '2018-09-09 16:09:18', '2018-09-09 16:09:18'),
(60, 90, 'Cecile Gibson', 'Ea maiores vero est eos accusantium. Sit vel tempora ut libero. Omnis aspernatur sint eum et. Eveniet esse qui ipsa atque iste occaecati.', 2, '2018-09-09 16:09:18', '2018-09-09 16:09:18'),
(61, 28, 'Paolo Nikolaus', 'Delectus illo dolorum velit deserunt incidunt rem aliquam. Qui cum explicabo dolorum sint dolorum enim sed. Et dignissimos quo vel magni et a omnis. Consectetur quia necessitatibus eligendi molestiae et.', 4, '2018-09-09 16:09:18', '2018-09-09 16:09:18'),
(62, 78, 'Charlotte Rogahn', 'Occaecati id et repellat rerum deserunt et. Aut fugiat qui incidunt consequatur. Quos nihil architecto sit non fuga. Perspiciatis repellat ea alias sunt corporis qui.', 4, '2018-09-09 16:09:18', '2018-09-09 16:09:18'),
(63, 93, 'Meggie Gottlieb', 'Perspiciatis distinctio quis inventore dicta fugiat ea ipsa sed. Facere rerum blanditiis tempore exercitationem ad. Neque quas fugiat et eos perspiciatis sapiente similique. Voluptas illo eligendi aspernatur dolorem quia.', 2, '2018-09-09 16:09:18', '2018-09-09 16:09:18'),
(64, 16, 'Marty Williamson', 'Nemo eligendi ut sint voluptatem enim blanditiis. Nisi ipsa saepe quia odit. Quae qui laudantium architecto aut voluptatem quia.', 2, '2018-09-09 16:09:18', '2018-09-09 16:09:18'),
(65, 38, 'Elise Hand', 'Molestiae animi quas modi culpa dolorem. Perferendis voluptas temporibus mollitia labore aliquid reprehenderit in vel. Numquam deleniti est dicta vel.', 1, '2018-09-09 16:09:18', '2018-09-09 16:09:18'),
(66, 56, 'Euna Cormier', 'Ab veritatis sint sint veritatis. Magni voluptas animi sapiente dolorem sint. Molestiae accusantium velit nemo qui quibusdam saepe.', 1, '2018-09-09 16:09:18', '2018-09-09 16:09:18'),
(67, 57, 'Chyna Hills V', 'Repellat voluptas sit dolor earum facere incidunt voluptatem. Deleniti labore facere in magni. Quis deserunt cupiditate velit vel laboriosam natus eveniet.', 3, '2018-09-09 16:09:18', '2018-09-09 16:09:18'),
(68, 99, 'Orlo Kling', 'Rerum voluptas modi est itaque cumque. Nam temporibus non qui consequatur neque minima rerum. Tempore qui non qui ipsum iste maxime. Dolor quia corporis aut aut est sed sunt.', 1, '2018-09-09 16:09:18', '2018-09-09 16:09:18'),
(69, 10, 'Gay Bernhard', 'Enim voluptate qui sit consectetur itaque distinctio minima inventore. Et natus hic voluptatem quia perferendis id autem dolores. Dicta quod voluptatem nam non ipsa. Impedit saepe aspernatur exercitationem harum ducimus non dolorum. Impedit dolorem omnis voluptatem quia voluptate explicabo.', 2, '2018-09-09 16:09:18', '2018-09-09 16:09:18'),
(70, 50, 'Miss Nola Lubowitz I', 'Voluptas odio non officiis voluptatibus dolores. Ut consequatur possimus soluta. Omnis laudantium et id nam et quo.', 0, '2018-09-09 16:09:18', '2018-09-09 16:09:18'),
(71, 22, 'Miss Gilda Oberbrunner V', 'Repellat ut aut quo exercitationem iusto et est consectetur. Illum culpa possimus voluptates est.', 0, '2018-09-09 16:09:18', '2018-09-09 16:09:18'),
(72, 72, 'Dr. Seth Pfeffer III', 'Eius recusandae quo pariatur ipsa. Reprehenderit occaecati voluptatem est voluptas. Velit iusto eum aut repellendus doloribus omnis.', 5, '2018-09-09 16:09:18', '2018-09-09 16:09:18'),
(73, 57, 'Lyda Stracke', 'Voluptas quia ratione impedit dolore porro. Quasi consequuntur consequatur hic exercitationem. Et maxime distinctio aspernatur soluta tempore et ducimus. Occaecati doloribus sed explicabo dolor cum eos.', 5, '2018-09-09 16:09:18', '2018-09-09 16:09:18'),
(74, 16, 'Ms. Selena McLaughlin DDS', 'Fugit sit error libero quae dignissimos aspernatur neque. Qui labore quam autem. Officia hic magni tenetur minima ad.', 2, '2018-09-09 16:09:18', '2018-09-09 16:09:18'),
(75, 16, 'Mireille Schmitt', 'Debitis tempore iusto autem nam. Ut expedita adipisci voluptates iure natus explicabo qui. Sunt eum voluptates voluptatum ducimus qui. Modi non ut eveniet commodi rerum ut dolore.', 4, '2018-09-09 16:09:18', '2018-09-09 16:09:18'),
(76, 34, 'Loraine O\'Conner', 'Quam iure quae sunt tempora sed et. Rerum id sequi ullam delectus.', 0, '2018-09-09 16:09:18', '2018-09-09 16:09:18'),
(77, 23, 'Donny Larson', 'Minus natus voluptates perferendis debitis omnis quis nihil. Corrupti ut labore sunt quidem suscipit. Nihil est vero qui consequuntur.', 1, '2018-09-09 16:09:18', '2018-09-09 16:09:18'),
(78, 40, 'Mr. Christopher Sporer III', 'Ipsa labore velit sequi dolor perferendis. Praesentium qui perferendis officiis sint. Asperiores natus est atque porro praesentium.', 1, '2018-09-09 16:09:18', '2018-09-09 16:09:18'),
(79, 73, 'Jason Schultz', 'Ducimus voluptate ducimus repellat. Quam voluptas quia adipisci repudiandae. Id autem distinctio ut et. Rerum fugiat ipsa fuga aut consequatur ut aut. Aut molestias rerum beatae.', 2, '2018-09-09 16:09:18', '2018-09-09 16:09:18'),
(80, 18, 'Darrion Kreiger', 'Qui est cupiditate consectetur hic eaque. Reiciendis in dolorum aperiam placeat sed. Nesciunt voluptatem consequatur asperiores similique. Magni illum in quasi similique.', 3, '2018-09-09 16:09:18', '2018-09-09 16:09:18'),
(81, 51, 'Keith Yundt', 'Non quo est molestiae doloremque. Voluptatem voluptas laudantium molestiae vitae. Dolorem atque ea laudantium explicabo.', 3, '2018-09-09 16:09:18', '2018-09-09 16:09:18'),
(82, 34, 'Kayden Emmerich', 'Minus recusandae voluptatem sit architecto. Adipisci quisquam officiis accusamus dolor ut. Quos aut illum voluptas deleniti non. Ea voluptas eaque dolore animi eum culpa.', 3, '2018-09-09 16:09:18', '2018-09-09 16:09:18'),
(83, 86, 'Gwen Christiansen', 'Reiciendis et dolore dolor cupiditate qui. Sed dolorem eligendi quo. Nisi eaque eum earum ipsa.', 0, '2018-09-09 16:09:18', '2018-09-09 16:09:18'),
(84, 78, 'Dr. Beverly Keebler', 'Quo dolor eum necessitatibus libero dignissimos placeat. Laborum voluptatem est non nam repellat quo dolores occaecati. Rem facilis est culpa.', 3, '2018-09-09 16:09:18', '2018-09-09 16:09:18'),
(85, 80, 'Jeffrey Murray', 'Delectus minima consequuntur eum. Dolor repudiandae eum animi quia itaque sint ab reiciendis. Nulla voluptas et maxime natus sunt. Eius a accusamus quos excepturi magni soluta excepturi.', 2, '2018-09-09 16:09:18', '2018-09-09 16:09:18'),
(86, 55, 'Sean Morissette Jr.', 'Eos et tempora ab minus error molestiae aut aut. Et aliquam rem eligendi perspiciatis doloribus sed. In qui consequuntur tempore.', 2, '2018-09-09 16:09:18', '2018-09-09 16:09:18'),
(87, 82, 'Kraig Pacocha', 'Debitis saepe voluptatibus placeat ut rerum. Recusandae id et ut unde. Expedita quae a tempore praesentium natus ab.', 5, '2018-09-09 16:09:18', '2018-09-09 16:09:18'),
(88, 40, 'Cora Feeney', 'Aut eius ut odit voluptatem. Nobis cumque maxime occaecati a quos quae tempora. Debitis recusandae incidunt recusandae laboriosam natus adipisci rerum.', 5, '2018-09-09 16:09:18', '2018-09-09 16:09:18'),
(89, 85, 'Ms. Jessika Turcotte', 'Et laudantium error quaerat ab unde eos. Atque dolor quia recusandae occaecati et tempora. Quia in quas id id iste.', 1, '2018-09-09 16:09:18', '2018-09-09 16:09:18'),
(90, 35, 'Elton Tillman', 'Odit rerum nemo porro in voluptatibus ipsa expedita et. Voluptas necessitatibus quae unde. Optio eum tempore distinctio labore libero aut repellat.', 1, '2018-09-09 16:09:18', '2018-09-09 16:09:18'),
(91, 1, 'Gina Brakus Jr.', 'Iste quis rerum vitae voluptatem reiciendis expedita dolor veritatis. Qui mollitia aut eos qui ad ut. Impedit ut soluta animi voluptas asperiores consequatur qui.', 2, '2018-09-09 16:09:18', '2018-09-09 16:09:18'),
(92, 10, 'Mohammad Nitzsche', 'Dicta non quis nesciunt temporibus ea rerum. Et fuga autem aut neque eos est. Provident perferendis modi et voluptatibus officia.', 5, '2018-09-09 16:09:18', '2018-09-09 16:09:18'),
(93, 23, 'Norma Reichel DDS', 'Pariatur repellat veniam consequatur modi. Qui laborum explicabo in quis quas.', 4, '2018-09-09 16:09:18', '2018-09-09 16:09:18'),
(94, 82, 'Connie Mertz I', 'Dolores dolores in illum animi qui. Pariatur eaque vel possimus a voluptatem consequatur sint. Voluptatem quia numquam quae asperiores non quam.', 1, '2018-09-09 16:09:18', '2018-09-09 16:09:18'),
(95, 23, 'Eveline Spencer', 'Voluptate quia vero totam eaque maxime. Cumque temporibus consequuntur est non accusamus ea deserunt quos. Sed porro voluptas sapiente non illo et.', 2, '2018-09-09 16:09:18', '2018-09-09 16:09:18'),
(96, 98, 'Bulah Rohan', 'Vel esse dolor explicabo officiis mollitia et. Minima quam eligendi quia reprehenderit. Aut exercitationem rerum totam ipsam. Omnis corrupti exercitationem distinctio deserunt nam quidem quaerat.', 1, '2018-09-09 16:09:18', '2018-09-09 16:09:18'),
(97, 63, 'Roman Hyatt', 'Temporibus hic sint pariatur esse in sint. Aut architecto omnis et ut impedit.', 4, '2018-09-09 16:09:18', '2018-09-09 16:09:18'),
(98, 21, 'Prof. Petra Ryan II', 'Neque numquam aperiam magni vero. Rem suscipit dolore commodi quo aut repellat reiciendis. Molestias beatae aut hic ea deserunt. Quibusdam laborum natus sunt omnis deserunt repellat enim.', 5, '2018-09-09 16:09:18', '2018-09-09 16:09:18'),
(99, 74, 'Mrs. Katelyn Von II', 'Exercitationem iste ipsam fugiat illum ipsa. Deserunt voluptatem explicabo voluptatem quis est. Cum dolorem commodi cum eveniet est.', 1, '2018-09-09 16:09:18', '2018-09-09 16:09:18'),
(100, 63, 'Jaime Gleichner', 'Architecto sed quisquam quam autem aut. Eligendi nesciunt exercitationem vel. Dolores eum a aut aspernatur ut repellat quia aut.', 2, '2018-09-09 16:09:18', '2018-09-09 16:09:18'),
(101, 13, 'Gretchen VonRueden', 'Laborum quia unde deserunt dolores sapiente. Delectus ut officiis repellat consequatur in. Earum qui doloribus consequatur et mollitia.', 5, '2018-09-09 16:09:18', '2018-09-09 16:09:18'),
(102, 15, 'Keon Braun', 'Neque et aut ex et. Error corrupti aliquid qui nesciunt autem voluptatem sunt. Voluptas voluptatem eveniet dolorum. Qui dolores et repudiandae consectetur dolorum.', 3, '2018-09-09 16:09:18', '2018-09-09 16:09:18'),
(103, 70, 'Jessyca Volkman PhD', 'Ullam pariatur laudantium aut voluptas aspernatur vel voluptatibus. Perferendis vitae minus nam quam corporis quaerat quo autem. Voluptate deleniti in totam minima. Eaque laboriosam aut reiciendis ea id.', 1, '2018-09-09 16:09:18', '2018-09-09 16:09:18'),
(104, 24, 'Weston Goldner', 'At rerum eius autem sint et vel. Assumenda magni ut quia praesentium ea totam ipsam. Aperiam suscipit ut adipisci nam doloribus necessitatibus ducimus.', 5, '2018-09-09 16:09:18', '2018-09-09 16:09:18'),
(105, 18, 'Carole Heathcote', 'Omnis et similique id corrupti in tempora dolorum. Voluptate officiis aliquam ullam. Sint est et sit velit et beatae. Animi ut voluptatibus minima reiciendis voluptas ducimus recusandae.', 1, '2018-09-09 16:09:18', '2018-09-09 16:09:18'),
(106, 79, 'Mr. Bertrand Nitzsche', 'Id quo enim numquam provident. Aliquid numquam maxime perspiciatis laudantium rerum. Cupiditate labore voluptates voluptas voluptatibus nihil odio. Placeat similique cum ipsam numquam non dolores.', 3, '2018-09-09 16:09:18', '2018-09-09 16:09:18'),
(107, 73, 'Mr. Dion Roob MD', 'Fugiat quis occaecati sequi illo molestias. Quibusdam et laboriosam et et. Laborum quis reprehenderit veritatis dolorum numquam.', 0, '2018-09-09 16:09:18', '2018-09-09 16:09:18'),
(108, 49, 'Ephraim Bode', 'Iste labore dolore et velit ut vero nihil. Illum dolorum sunt et neque est atque qui. Dolor voluptatem atque quod sint voluptates quia rem possimus. Est eveniet praesentium voluptatum similique et odit magni.', 0, '2018-09-09 16:09:18', '2018-09-09 16:09:18'),
(109, 65, 'Colleen Padberg', 'Quia corporis omnis dolorem. Ut ut velit accusantium magnam possimus. Maxime atque eum ipsa assumenda.', 2, '2018-09-09 16:09:18', '2018-09-09 16:09:18'),
(110, 42, 'Prof. Ladarius Morissette II', 'Quos quo placeat iure doloribus odio. Repudiandae ullam est aut et aliquam possimus. Qui voluptatem excepturi magnam saepe est.', 4, '2018-09-09 16:09:18', '2018-09-09 16:09:18'),
(111, 33, 'Issac Bartell', 'Consequatur quia rerum cupiditate suscipit aliquam. Unde magni voluptatem delectus voluptatem est. Et blanditiis deserunt dolore. Ut at nisi voluptatum impedit recusandae rerum. Veniam optio quia explicabo in aut et consequatur voluptates.', 0, '2018-09-09 16:09:18', '2018-09-09 16:09:18'),
(112, 16, 'Izabella Abernathy', 'Sint quidem eius aut iusto totam quas. Voluptas necessitatibus voluptate recusandae illum odio provident. Odio et sapiente atque ullam quasi.', 2, '2018-09-09 16:09:18', '2018-09-09 16:09:18'),
(113, 96, 'Jakayla Dooley', 'Ut soluta odit nobis nulla reprehenderit animi. Quis et cum impedit occaecati maiores autem reprehenderit. Fugit sunt voluptas inventore.', 2, '2018-09-09 16:09:18', '2018-09-09 16:09:18'),
(114, 6, 'Ella Schaefer', 'Tenetur delectus aut voluptatem ullam. Et non sed sit at quas facilis. Suscipit ad officia consequatur. Sint non minus quos non voluptatem corrupti.', 4, '2018-09-09 16:09:18', '2018-09-09 16:09:18'),
(115, 21, 'Prof. Christelle Von I', 'Dolores autem autem qui aut. Eveniet consequatur dolores nemo dolorem. Et aut quisquam deleniti eos voluptatum eligendi blanditiis. Est totam deleniti magnam culpa dicta.', 2, '2018-09-09 16:09:18', '2018-09-09 16:09:18'),
(116, 59, 'Emmy Tremblay', 'Eos eligendi doloribus magni dolorum eaque corporis porro vitae. Sit blanditiis molestiae sit ad. Quia consequuntur velit et modi nihil maxime.', 1, '2018-09-09 16:09:18', '2018-09-09 16:09:18'),
(117, 25, 'Lenora Turner', 'Nihil rem inventore adipisci animi quae. Esse culpa cum possimus perferendis rerum voluptas voluptatem. Error eos placeat veniam occaecati aliquid sapiente eligendi.', 0, '2018-09-09 16:09:18', '2018-09-09 16:09:18'),
(118, 100, 'Carter Nitzsche', 'Quis distinctio molestiae cumque laborum. Sint ab quas harum quo. Quis perferendis ab consequatur maxime animi. Excepturi numquam dolores sunt esse non.', 4, '2018-09-09 16:09:18', '2018-09-09 16:09:18'),
(119, 86, 'Mr. Kiel Davis', 'Commodi aut sunt quam rerum excepturi iusto porro. Suscipit ut autem culpa qui. Non tempore quaerat eum laboriosam vitae quae maiores.', 0, '2018-09-09 16:09:18', '2018-09-09 16:09:18'),
(120, 39, 'Elenora Denesik', 'Ea esse quia non amet. Autem ab blanditiis aut esse sit. Rerum eum reiciendis soluta doloremque rerum occaecati. Et voluptas quia neque.', 0, '2018-09-09 16:09:18', '2018-09-09 16:09:18'),
(121, 41, 'Roselyn Windler', 'Quia nulla et inventore odio architecto numquam. Autem rerum ut dolores aspernatur officia voluptas.', 3, '2018-09-09 16:09:18', '2018-09-09 16:09:18'),
(122, 80, 'Jerod Denesik', 'Qui aperiam sit quia et est quisquam modi molestiae. Ut vel eaque sit est.', 2, '2018-09-09 16:09:18', '2018-09-09 16:09:18'),
(123, 78, 'Gianni Hickle', 'Ut fugiat amet magni ad dolorum veniam. Voluptatem at omnis neque illum dolores. Voluptas laborum enim praesentium deserunt. Totam dolores inventore consequuntur dolor nulla vitae.', 2, '2018-09-09 16:09:18', '2018-09-09 16:09:18'),
(124, 13, 'Dr. Adonis Daniel Sr.', 'Non dolores eius non quaerat error sapiente. Aperiam unde reiciendis sit ullam optio dolor sequi. Corrupti in sed veniam optio aliquam distinctio. Quos alias tempore velit dolor aperiam tenetur nihil dolores.', 5, '2018-09-09 16:09:18', '2018-09-09 16:09:18'),
(125, 70, 'Angelo Leannon', 'Quibusdam est quasi ut nesciunt nihil vel aut. Adipisci sit earum placeat nisi maxime molestiae. Asperiores quo explicabo voluptatum maiores dolores.', 1, '2018-09-09 16:09:18', '2018-09-09 16:09:18'),
(126, 65, 'Dr. Manley Glover I', 'Ratione sunt adipisci ullam dicta est. Hic iure ut animi amet dolores. Ea aut molestiae est harum ab. Dicta sed omnis quae provident et.', 1, '2018-09-09 16:09:18', '2018-09-09 16:09:18'),
(127, 24, 'Dr. Ruthie O\'Hara', 'Iusto repellendus quo accusantium similique est dolorem eos. Voluptas qui rem accusantium et inventore quos. Et autem ipsam est. Nemo libero sunt earum excepturi maiores corrupti et.', 5, '2018-09-09 16:09:18', '2018-09-09 16:09:18'),
(128, 93, 'Prof. Narciso Bernier DVM', 'Voluptate necessitatibus deserunt neque et necessitatibus sint a. Voluptatum tempore repudiandae eos deleniti repellat qui dolor. Commodi cupiditate fuga nihil iusto voluptatem. Doloremque cum eligendi recusandae numquam consequatur inventore deleniti cumque.', 1, '2018-09-09 16:09:18', '2018-09-09 16:09:18'),
(129, 10, 'Mauricio Conroy I', 'Alias ex vel amet est. Labore quia vero quo quasi beatae. Aut suscipit rerum tempore ex beatae ea quia. Sed voluptas dolores omnis temporibus sunt.', 3, '2018-09-09 16:09:18', '2018-09-09 16:09:18'),
(130, 72, 'Allan Kshlerin', 'Occaecati in eveniet est quasi non. Qui culpa dolores iste ut. Non explicabo sed molestiae et nemo.', 3, '2018-09-09 16:09:18', '2018-09-09 16:09:18'),
(131, 56, 'Mrs. Rachelle Kreiger', 'Neque ab rerum rerum ea quia. Earum explicabo quia porro libero sapiente. Corrupti eveniet quis corrupti magnam ullam assumenda distinctio. Quae non ut commodi consectetur qui. Laudantium minima vel quasi quia porro accusamus.', 4, '2018-09-09 16:09:18', '2018-09-09 16:09:18'),
(132, 37, 'Noel Ratke', 'Dolorem modi temporibus soluta est eveniet qui quo voluptas. Aut quia nulla qui nemo. Nostrum dignissimos est perferendis tempora. Ex ex dolor ipsum.', 4, '2018-09-09 16:09:18', '2018-09-09 16:09:18'),
(133, 6, 'Mason Spinka', 'Quod suscipit et rem nemo iure ipsam. Voluptatem occaecati soluta aspernatur expedita est aut commodi. Fuga nesciunt dolores dolores quis unde.', 0, '2018-09-09 16:09:18', '2018-09-09 16:09:18'),
(134, 98, 'Prof. Annabelle Spencer', 'Excepturi est consectetur consequatur cupiditate temporibus qui. Voluptates et est est id et consequatur sunt. Est corporis voluptas aut ex qui officiis excepturi quasi.', 5, '2018-09-09 16:09:18', '2018-09-09 16:09:18'),
(135, 97, 'Jonathan Keeling PhD', 'In blanditiis et ut sit unde ut. Non dolores voluptatibus quaerat rerum ut consequatur illum esse. Amet atque culpa hic facere.', 2, '2018-09-09 16:09:18', '2018-09-09 16:09:18'),
(136, 55, 'Hobart Steuber', 'Minima est in quibusdam doloremque laudantium ullam temporibus eaque. Sed voluptatem vero labore et molestiae dolor. Ipsam quo possimus suscipit id et. Impedit ut rerum deserunt quasi omnis.', 3, '2018-09-09 16:09:18', '2018-09-09 16:09:18'),
(137, 79, 'Celestino Bednar', 'Culpa tempore qui rerum accusamus iure blanditiis quia. Eveniet voluptates deserunt quod aut velit voluptatibus aut. Temporibus autem qui nobis nemo. Iure et placeat inventore rerum quaerat unde qui.', 4, '2018-09-09 16:09:18', '2018-09-09 16:09:18'),
(138, 23, 'Margarita Jones', 'Dolor non odit sint neque est consequuntur rem. Veritatis et laborum unde blanditiis nobis voluptas. Sunt voluptatem cupiditate autem tenetur rerum assumenda. Voluptatem dolorum accusamus et voluptatem quisquam et.', 4, '2018-09-09 16:09:18', '2018-09-09 16:09:18'),
(139, 13, 'Ms. Guadalupe Dare', 'Quis sed ullam similique doloribus optio. Accusantium laboriosam debitis ut eum fuga est rerum. Nostrum beatae quia et.', 2, '2018-09-09 16:09:18', '2018-09-09 16:09:18'),
(140, 45, 'Raul Wintheiser', 'Illo nostrum aut sed molestiae soluta. Unde eaque doloremque beatae ullam mollitia minima laudantium.', 3, '2018-09-09 16:09:18', '2018-09-09 16:09:18'),
(141, 63, 'Chadrick Kunze', 'Eum id est aut animi. Consequatur commodi culpa aperiam voluptatem libero alias exercitationem. Consequatur ducimus possimus suscipit non minima cumque eos. In sint odit officia.', 3, '2018-09-09 16:09:18', '2018-09-09 16:09:18'),
(142, 65, 'Mozelle Bashirian', 'Quia enim dolores dolor quaerat dolores. Ea soluta et est quia voluptas quia culpa. Voluptatem repellendus fugit adipisci nesciunt expedita.', 4, '2018-09-09 16:09:18', '2018-09-09 16:09:18'),
(143, 18, 'Horace Hoeger DVM', 'Necessitatibus dolorum ut deserunt quasi id praesentium et. Quis atque cum velit illum iusto. Modi aut dolor eum temporibus optio rerum. Magni recusandae at libero rerum occaecati.', 3, '2018-09-09 16:09:18', '2018-09-09 16:09:18'),
(144, 62, 'Prof. Riley Sipes', 'Iusto in assumenda fugiat aliquid sint nihil. Eos et error eos nobis. Nostrum quas non non. Dolores esse laboriosam vel praesentium perspiciatis.', 4, '2018-09-09 16:09:18', '2018-09-09 16:09:18'),
(145, 42, 'Denis D\'Amore', 'Occaecati enim id deleniti aut et autem. Quae qui commodi culpa molestiae ratione quibusdam earum. Et quo quo molestiae omnis est sequi non maiores. Nostrum at corporis expedita itaque et nobis illo.', 0, '2018-09-09 16:09:18', '2018-09-09 16:09:18'),
(146, 33, 'Carley Herman I', 'At tempora rerum velit autem aut iste. Id earum fugiat et consequuntur tempore. Quaerat exercitationem alias eum reprehenderit quibusdam error.', 2, '2018-09-09 16:09:18', '2018-09-09 16:09:18'),
(147, 87, 'Name Skiles', 'Veniam et consequatur fugiat eum aut eos aspernatur. Enim tempore aut odit soluta. Non eos libero architecto unde commodi sunt quia.', 1, '2018-09-09 16:09:18', '2018-09-09 16:09:18'),
(148, 100, 'Theodore Wisozk', 'Nostrum et ipsa earum optio inventore harum. Voluptatem accusantium ut excepturi nam quia. Sed praesentium illo dolor quod.', 3, '2018-09-09 16:09:18', '2018-09-09 16:09:18'),
(149, 22, 'Viola Collins', 'Nam est necessitatibus eius voluptatem. Voluptates consequuntur aut aut quia modi aut et at. Sed ut atque quod ea voluptas. Aut est ut iste officiis aut enim.', 5, '2018-09-09 16:09:18', '2018-09-09 16:09:18'),
(150, 94, 'Amara Fritsch DVM', 'Et cumque omnis odio est veniam voluptate officia nisi. Dolores laboriosam quam sit eum officia officiis quia. Incidunt necessitatibus aperiam perspiciatis accusantium.', 1, '2018-09-09 16:09:18', '2018-09-09 16:09:18'),
(151, 46, 'Edward Grady', 'Odit voluptatem repellendus et dignissimos. Magni qui qui est a quidem est.', 3, '2018-09-09 16:09:18', '2018-09-09 16:09:18'),
(152, 90, 'Darlene Hirthe', 'Sit mollitia dolorem ut dignissimos inventore in quis. Vel nisi ut omnis nisi quaerat quis numquam. Et illum inventore aut. Dicta architecto quos totam dolores et cumque illo. Libero eum aut et eius enim.', 4, '2018-09-09 16:09:18', '2018-09-09 16:09:18'),
(153, 76, 'Payton Deckow II', 'Non dolorum earum dolorem et. Impedit a sunt in esse quis. Totam libero aut soluta est quibusdam eius deserunt.', 3, '2018-09-09 16:09:18', '2018-09-09 16:09:18'),
(154, 14, 'Kamron Nikolaus Sr.', 'Sed ad et architecto omnis omnis. Ut esse molestiae cum culpa ut necessitatibus.', 4, '2018-09-09 16:09:18', '2018-09-09 16:09:18'),
(155, 99, 'Prof. Roderick Pfeffer', 'Exercitationem et magnam nihil labore sit tempora. Commodi expedita quo quia in minus atque eum beatae. Quaerat hic dolorum asperiores harum consequatur quia.', 3, '2018-09-09 16:09:18', '2018-09-09 16:09:18'),
(156, 92, 'Jovanny Hansen', 'Voluptatem blanditiis saepe et laborum in quae minus. Voluptates natus voluptatem ut deleniti tempora et sunt molestias. Natus nobis libero iusto reprehenderit. Iure voluptatem aliquid fuga recusandae. Minima est natus illum sed eos in.', 2, '2018-09-09 16:09:18', '2018-09-09 16:09:18'),
(157, 7, 'Felipa Mitchell', 'Cupiditate et nemo ipsum quam. Sint iste vel nihil consectetur qui nemo eum. Nulla vel qui et tenetur. Explicabo exercitationem cum sed corrupti accusantium ea voluptates.', 0, '2018-09-09 16:09:18', '2018-09-09 16:09:18'),
(158, 42, 'Amaya Bahringer', 'Doloribus ut consequatur fugit eum amet error. Rerum velit facilis reprehenderit vitae quod illum. Ut qui tempore unde cumque. Minima aut voluptatibus reprehenderit voluptatem quisquam delectus ducimus. Harum nesciunt officia voluptatem expedita.', 2, '2018-09-09 16:09:18', '2018-09-09 16:09:18'),
(159, 36, 'Prof. Felton Rosenbaum IV', 'Aspernatur dolor pariatur qui sed neque accusamus. Voluptates vero distinctio ut. Magni et qui aut commodi et.', 4, '2018-09-09 16:09:18', '2018-09-09 16:09:18'),
(160, 97, 'Hosea Herzog V', 'Excepturi officiis mollitia quis. Facere modi fuga eveniet sint culpa sit quas. Est voluptatem cum id. Voluptas laborum consectetur nam non expedita.', 1, '2018-09-09 16:09:18', '2018-09-09 16:09:18'),
(161, 72, 'Bridgette Koepp DDS', 'Voluptas laudantium facilis rem veniam odit ut. Aut quia in hic fuga sunt. Dolore et sunt nam laborum autem praesentium at. Eligendi id voluptatum eos alias fuga.', 1, '2018-09-09 16:09:18', '2018-09-09 16:09:18'),
(162, 17, 'Prof. Cydney Prohaska III', 'Et et ab eos numquam. Occaecati rerum illo cum non aut qui eveniet. Consequatur odit labore eaque vel vel.', 3, '2018-09-09 16:09:18', '2018-09-09 16:09:18'),
(163, 36, 'Jayson Yundt', 'Qui dolores sed magnam veniam non. Excepturi esse magnam et deserunt excepturi. Sint reprehenderit cum qui iusto accusamus atque. Sit est inventore ratione exercitationem.', 2, '2018-09-09 16:09:18', '2018-09-09 16:09:18'),
(164, 63, 'Emanuel Maggio III', 'Magnam vitae velit ex culpa nemo commodi quibusdam. Consequatur inventore quasi repellat est. Non nihil consequatur eius aliquid dolorem aut. Ducimus libero aut adipisci et laudantium.', 3, '2018-09-09 16:09:18', '2018-09-09 16:09:18'),
(165, 46, 'Marjory Williamson DDS', 'Nihil nobis doloremque rerum dolorum quis non. Qui ea itaque aut minus quod ratione nulla. Id earum in quae suscipit fuga non voluptatem.', 1, '2018-09-09 16:09:18', '2018-09-09 16:09:18'),
(166, 99, 'Destini Green', 'Non nesciunt eum sed. Minima perferendis at quae et placeat nam aliquid. Iste ducimus sint adipisci deserunt delectus sunt earum. Veritatis ipsa dolor porro quia vel saepe ut. Rerum rerum explicabo autem eum totam sunt autem.', 0, '2018-09-09 16:09:18', '2018-09-09 16:09:18'),
(167, 20, 'Shawn Bayer', 'A commodi iusto commodi impedit voluptatem enim cum. Consequatur reprehenderit voluptatibus dolor soluta accusantium veritatis a. Temporibus sed earum occaecati sunt. Aut qui cupiditate quos aut totam voluptatum sit eos.', 2, '2018-09-09 16:09:18', '2018-09-09 16:09:18'),
(168, 35, 'Lia Jacobson', 'Harum ipsum suscipit voluptatem quis deserunt aut voluptates. Cupiditate quisquam ipsam quibusdam possimus nulla vel velit. Quos quo itaque nemo quaerat. Laudantium temporibus omnis officia eaque explicabo magnam. Qui quia dicta dolorem quam impedit est.', 4, '2018-09-09 16:09:18', '2018-09-09 16:09:18'),
(169, 59, 'Sallie Conn', 'Adipisci dolores maiores sit omnis repellendus voluptatem et. Consequatur placeat commodi tenetur nam iusto vero. Id nihil recusandae odit laboriosam est voluptatem autem.', 3, '2018-09-09 16:09:18', '2018-09-09 16:09:18'),
(170, 68, 'Mariano McCullough DDS', 'Ut quas error explicabo fugit et asperiores aspernatur velit. Molestiae assumenda est veniam quas provident assumenda quos. Non consectetur aut est tenetur.', 1, '2018-09-09 16:09:18', '2018-09-09 16:09:18'),
(171, 81, 'Donald Prosacco V', 'Eaque occaecati amet consequatur. Quos earum omnis voluptas aut dolores soluta rerum. Sit recusandae qui perspiciatis similique repellendus. Officia itaque in et dolor sed.', 2, '2018-09-09 16:09:18', '2018-09-09 16:09:18'),
(172, 3, 'Kendall Walker', 'Impedit dolorem consequatur in sunt. Expedita eaque quod vitae ea quod. Quos enim enim omnis qui in.', 0, '2018-09-09 16:09:18', '2018-09-09 16:09:18'),
(173, 77, 'Savanna Powlowski', 'Enim dolore non eaque. Esse optio debitis odio vero et sed eos. Beatae tempore qui doloremque modi.', 4, '2018-09-09 16:09:18', '2018-09-09 16:09:18'),
(174, 11, 'Louvenia Swaniawski', 'Pariatur doloremque et sed asperiores hic dolor. Rerum dolorem consectetur quo quisquam maxime. Sit autem id aut.', 2, '2018-09-09 16:09:18', '2018-09-09 16:09:18'),
(175, 99, 'Miss Annabelle Jerde', 'Voluptas nam et architecto atque a. Magnam sed nostrum officia aut. Soluta consequatur beatae incidunt veritatis ut eos pariatur. Tempora expedita consequatur accusantium voluptatibus corrupti exercitationem.', 1, '2018-09-09 16:09:18', '2018-09-09 16:09:18'),
(176, 30, 'Amina Sipes', 'Consequatur excepturi enim officia cum voluptas omnis perspiciatis. Delectus esse eius est cum ut omnis.', 2, '2018-09-09 16:09:18', '2018-09-09 16:09:18'),
(177, 93, 'Ariane O\'Kon', 'At aut ut omnis cupiditate. Placeat est error vero ut dolore. Nostrum est eum tenetur officiis.', 4, '2018-09-09 16:09:18', '2018-09-09 16:09:18'),
(178, 24, 'Ezra Howell', 'Assumenda ea labore earum ducimus molestias. Error minus dolor doloribus et et voluptatem sint nemo. Quia quo optio dolorem numquam nesciunt. Qui provident ullam ut molestiae.', 2, '2018-09-09 16:09:18', '2018-09-09 16:09:18'),
(179, 64, 'Myrtle Spinka', 'Et magnam voluptate quidem soluta aut voluptas. Quo aut ullam et voluptatem voluptates. Odit assumenda autem temporibus unde. Quibusdam harum officiis ratione possimus eaque aut unde.', 3, '2018-09-09 16:09:18', '2018-09-09 16:09:18'),
(180, 99, 'Litzy Gleason', 'Nostrum molestiae non voluptatibus velit sit ut praesentium. Architecto ratione qui laboriosam officia id. Error mollitia optio vel nesciunt voluptate aperiam aut. Commodi et ipsa eaque nulla maxime odio.', 3, '2018-09-09 16:09:18', '2018-09-09 16:09:18'),
(181, 67, 'Naomie Kuvalis III', 'Eos in quibusdam tempora nulla libero. Repudiandae reiciendis nesciunt est explicabo et nam.', 4, '2018-09-09 16:09:18', '2018-09-09 16:09:18'),
(182, 80, 'Adaline Hahn', 'Ducimus laborum at natus voluptas. Vero repellendus adipisci incidunt suscipit magni voluptatem cum. Itaque perferendis aut assumenda et.', 5, '2018-09-09 16:09:18', '2018-09-09 16:09:18'),
(183, 25, 'Prof. Viviane Wilderman DDS', 'Blanditiis culpa consequatur veniam veniam rerum a. Autem explicabo rerum a eos quia laborum. Reprehenderit debitis et vel iste eaque fugit ut.', 4, '2018-09-09 16:09:18', '2018-09-09 16:09:18'),
(184, 73, 'Alejandra Hintz', 'Dolores aut quos minima ipsa libero. Quia quisquam nobis id accusamus sit. Natus nihil ab dolores necessitatibus eos aperiam et.', 3, '2018-09-09 16:09:18', '2018-09-09 16:09:18'),
(185, 22, 'Phoebe Hauck', 'Iure occaecati possimus tempora quia earum aliquid. Eum enim quisquam quidem dolorem consectetur quod magni. In iusto dolores ipsam non dolorem porro vel.', 2, '2018-09-09 16:09:18', '2018-09-09 16:09:18'),
(186, 67, 'Jaunita Welch', 'Unde placeat iusto et fugit laborum quia illum. Quis et omnis ipsam officiis ab ipsam. Magni incidunt sint consequatur.', 1, '2018-09-09 16:09:18', '2018-09-09 16:09:18'),
(187, 92, 'Meda Bins', 'Repellat ducimus neque modi dolores incidunt. In eos fuga recusandae aut dolores ratione sit natus. Sit perspiciatis aut non.', 0, '2018-09-09 16:09:18', '2018-09-09 16:09:18'),
(188, 94, 'Georgianna Franecki', 'Quam voluptates sint et doloribus qui. Sit soluta nesciunt nisi commodi esse et ullam. Perferendis est labore ducimus.', 0, '2018-09-09 16:09:18', '2018-09-09 16:09:18'),
(189, 44, 'Prof. Christian Buckridge', 'Omnis inventore delectus perferendis vel beatae et soluta. Et veritatis est ipsum dolorem vitae est et. Nulla qui porro reiciendis incidunt perferendis commodi sint.', 0, '2018-09-09 16:09:18', '2018-09-09 16:09:18'),
(190, 7, 'Loraine Stark V', 'Iusto aliquid veritatis inventore in rerum omnis dolorum. Ea quia modi id blanditiis deleniti repellendus eligendi. Hic sit voluptates magni aspernatur nisi soluta.', 1, '2018-09-09 16:09:18', '2018-09-09 16:09:18'),
(191, 11, 'Dr. Grayson Rowe Jr.', 'Error aut similique quam accusantium aut qui optio. Cupiditate voluptatem est quia laudantium voluptatem qui sunt. Et perspiciatis nihil dolores earum. Dolores autem qui voluptatibus quo nihil et.', 1, '2018-09-09 16:09:18', '2018-09-09 16:09:18'),
(192, 39, 'Elinore Fisher', 'Tempore nulla doloremque qui ut in magni magnam. Dicta maxime harum dolorem amet voluptatem ex reprehenderit. Sunt suscipit qui atque aut et nobis consequuntur.', 5, '2018-09-09 16:09:18', '2018-09-09 16:09:18'),
(193, 60, 'Dessie Gislason', 'Vel voluptates quidem fugit quo quod consequuntur velit. Eos aut atque id omnis. Ipsa voluptas quia nobis. Mollitia enim et est fuga voluptate repudiandae.', 4, '2018-09-09 16:09:18', '2018-09-09 16:09:18'),
(194, 63, 'Amalia Hills', 'Corporis laboriosam autem accusamus cum. Consequatur ut animi sit nam. Et inventore delectus iste nobis.', 2, '2018-09-09 16:09:18', '2018-09-09 16:09:18'),
(195, 84, 'Dr. Hector Rowe MD', 'Eum totam aut architecto consectetur. Sint dolores itaque ut odit rerum in. Consequatur enim provident id soluta est.', 1, '2018-09-09 16:09:18', '2018-09-09 16:09:18'),
(196, 64, 'Jewel Moore', 'Voluptatem qui quam ea nam. Voluptas provident sed quae dolorum alias et. Voluptatem deserunt sit quaerat nemo. Dolores et tempore voluptas temporibus ut. Quis perspiciatis vitae ullam iusto eum.', 0, '2018-09-09 16:09:18', '2018-09-09 16:09:18'),
(197, 16, 'Arlene Green Jr.', 'Cum explicabo nemo fuga magnam nisi qui consequatur. Aperiam minima ipsum excepturi earum nesciunt consectetur.', 3, '2018-09-09 16:09:18', '2018-09-09 16:09:18'),
(198, 13, 'Damon Bosco', 'Voluptate aliquid sed voluptas facilis maiores fugiat ut nihil. Omnis pariatur minima reiciendis tenetur sunt. Recusandae quo est enim qui eos reprehenderit nulla.', 2, '2018-09-09 16:09:18', '2018-09-09 16:09:18'),
(199, 6, 'Jammie Grimes', 'Alias porro nam quaerat similique rerum nesciunt. Est maxime voluptatum in dignissimos nostrum aut error.', 2, '2018-09-09 16:09:18', '2018-09-09 16:09:18'),
(200, 50, 'Hans Rosenbaum', 'Praesentium deleniti corrupti maxime dolor quo impedit. Eveniet aut quaerat eveniet labore itaque vero maiores. Explicabo et quis aut enim pariatur veniam quam atque.', 0, '2018-09-09 16:09:18', '2018-09-09 16:09:18'),
(201, 99, 'Dr. Reggie Wintheiser Jr.', 'Qui modi ipsa nobis omnis qui. Explicabo aut aut beatae iure assumenda nihil. In maxime quas aliquid velit eligendi dolor doloremque.', 1, '2018-09-09 16:09:18', '2018-09-09 16:09:18'),
(202, 90, 'Prof. Justus Zieme III', 'Esse mollitia repellat aut explicabo perspiciatis qui non ab. Illum est aut rerum ullam eos enim molestiae. Deserunt maiores alias perferendis eius sed molestias.', 4, '2018-09-09 16:09:18', '2018-09-09 16:09:18'),
(203, 99, 'Leopold Hammes', 'Temporibus quos soluta facere itaque mollitia architecto non. Deleniti quam ut qui ex quae. Dolorum odit molestiae doloremque blanditiis nulla quia eum.', 4, '2018-09-09 16:09:18', '2018-09-09 16:09:18'),
(204, 76, 'Prof. Randy Cartwright V', 'Illo voluptas perferendis tempora maiores dolorum voluptatem. Et odit ut ea vero dolorum a nemo. Dolor animi aliquam sapiente ut. Aut id vel dicta dolorum. Doloremque omnis et rerum qui qui autem laboriosam.', 0, '2018-09-09 16:09:18', '2018-09-09 16:09:18'),
(205, 20, 'Cecelia VonRueden', 'Eveniet nisi quam omnis est. Autem fugiat ex libero expedita assumenda ea. Aliquam animi rerum aliquam dolores atque. Qui excepturi facilis quia ut soluta.', 4, '2018-09-09 16:09:18', '2018-09-09 16:09:18'),
(206, 24, 'Connor Greenholt', 'Dolorem sit in provident nam eos quia. Eius a ipsa earum expedita quo aut. Nihil ea porro sed asperiores eos eligendi repudiandae sit. Et recusandae neque ut asperiores.', 2, '2018-09-09 16:09:18', '2018-09-09 16:09:18'),
(207, 80, 'Dr. Eino Huel V', 'Optio illo labore quas voluptas sint eos qui. Accusantium aliquam voluptas accusamus minus quas inventore impedit. Omnis eveniet impedit enim dignissimos sit perspiciatis quae soluta. Recusandae modi officia ipsum veritatis molestiae.', 0, '2018-09-09 16:09:18', '2018-09-09 16:09:18'),
(208, 1, 'Mr. Grady Schimmel MD', 'Ut ipsam ut pariatur ea. Omnis nam atque sunt ut odit tempora. Aut ducimus iste voluptas tenetur. Sunt repellendus voluptatum facilis tempore libero. Porro asperiores dolor consequuntur harum.', 4, '2018-09-09 16:09:18', '2018-09-09 16:09:18'),
(209, 27, 'Dudley Schuster', 'Enim ut quo qui labore est ut. Qui commodi similique velit nesciunt aliquid. Odit ipsum voluptatem doloremque magnam omnis.', 0, '2018-09-09 16:09:18', '2018-09-09 16:09:18'),
(210, 33, 'Aurelie Kihn II', 'Necessitatibus dicta ex accusantium quibusdam amet et id. Rerum voluptatum quia autem voluptatem eum eos atque. Omnis totam odit id eos.', 3, '2018-09-09 16:09:18', '2018-09-09 16:09:18'),
(211, 83, 'Dr. Frances Lockman', 'Excepturi laborum dolores consequatur vel ut error. Vel ut illum accusamus laboriosam ut enim eum. Nihil accusantium laboriosam nulla esse ad ducimus ut qui.', 0, '2018-09-09 16:09:18', '2018-09-09 16:09:18'),
(212, 90, 'Victoria Murazik I', 'Omnis commodi dolor in voluptatem veritatis nulla rem. Animi eum nobis sequi iure aut vel. Quibusdam consequatur magnam totam. Est earum quam officiis sed explicabo.', 3, '2018-09-09 16:09:18', '2018-09-09 16:09:18');
INSERT INTO `reviews` (`id`, `product_id`, `customer`, `review`, `star`, `created_at`, `updated_at`) VALUES
(213, 34, 'Kiarra Okuneva', 'Aut similique architecto enim dolores voluptas repudiandae. Molestias natus culpa modi quae eveniet provident quam. Sit molestias ratione aut quibusdam ex sunt nobis quia. Itaque quae est ipsa sunt fugiat sint voluptatem nobis.', 5, '2018-09-09 16:09:18', '2018-09-09 16:09:18'),
(214, 63, 'Rosella Hansen', 'Quis temporibus rerum incidunt provident aut. Quia sint quae beatae iste et perferendis. Quibusdam quam asperiores alias maiores sint nostrum quia. Ut ex officiis a sit.', 5, '2018-09-09 16:09:18', '2018-09-09 16:09:18'),
(215, 2, 'Maci Schulist', 'Voluptate qui corporis commodi id eos. Unde in aut asperiores quod repellendus sunt. Unde eius quidem delectus est ullam provident ad. Cumque ipsam sed itaque.', 3, '2018-09-09 16:09:18', '2018-09-09 16:09:18'),
(216, 98, 'Mr. Ryan Haag', 'Temporibus adipisci cumque qui repellendus eos culpa. Id excepturi perferendis impedit at quisquam quis. Voluptatem voluptatibus et beatae qui. Voluptatum fugiat est dolores vel dicta molestiae quidem.', 0, '2018-09-09 16:09:18', '2018-09-09 16:09:18'),
(217, 37, 'Ozella Turcotte Sr.', 'Soluta culpa error quis. Qui pariatur recusandae nulla inventore hic similique cum. Atque fuga voluptatem et saepe qui. Itaque sapiente ut et velit.', 5, '2018-09-09 16:09:18', '2018-09-09 16:09:18'),
(218, 75, 'Orval Sporer DVM', 'Qui enim recusandae error earum laboriosam voluptatum inventore. Commodi laudantium accusamus sed vero non iure nemo. Tempora facilis dolor libero voluptatem.', 3, '2018-09-09 16:09:18', '2018-09-09 16:09:18'),
(219, 72, 'Walter Schiller', 'Asperiores perspiciatis aut officiis. Aspernatur amet error sint pariatur tempora necessitatibus non animi. Vel consequatur aperiam aut numquam. In quia totam doloremque nostrum quas odit explicabo ut.', 1, '2018-09-09 16:09:18', '2018-09-09 16:09:18'),
(220, 58, 'Prof. Genevieve Schuppe', 'Vel sit eligendi et. Ut voluptatum nulla aut voluptatem dolores. Non rem sunt magni ipsa ut unde. Reiciendis et omnis incidunt aspernatur et.', 0, '2018-09-09 16:09:18', '2018-09-09 16:09:18'),
(221, 24, 'Dr. Gracie Kutch', 'Sapiente id eos est vel et quia reiciendis sapiente. Id voluptates ipsum quia in et. Et excepturi repudiandae voluptas qui magnam dolorem commodi. Ipsa dolores itaque aspernatur dolores. Ratione libero iure aut et illo et aut totam.', 2, '2018-09-09 16:09:18', '2018-09-09 16:09:18'),
(222, 65, 'Edgar Littel', 'Minima assumenda omnis quis sed temporibus illum. Hic saepe accusamus non dolorum sed nesciunt asperiores. Soluta natus eaque id iusto sapiente labore qui in.', 3, '2018-09-09 16:09:18', '2018-09-09 16:09:18'),
(223, 58, 'Yasmin Friesen', 'A porro voluptatem quo. Quaerat saepe magni repudiandae quia quia perferendis. Perferendis sint ratione ut.', 4, '2018-09-09 16:09:18', '2018-09-09 16:09:18'),
(224, 33, 'Theodore Dibbert MD', 'Ea exercitationem non vitae. Sed omnis ipsa quas aperiam aut nemo facilis. Aut enim quae voluptatum labore. Impedit et quasi accusantium impedit.', 0, '2018-09-09 16:09:18', '2018-09-09 16:09:18'),
(225, 82, 'Lou Sawayn', 'Enim laboriosam perferendis qui incidunt. Dicta eos fuga veniam sed. Ex qui aut ratione quae quibusdam.', 0, '2018-09-09 16:09:18', '2018-09-09 16:09:18'),
(226, 67, 'Ms. Marian Hauck', 'Nisi mollitia sit assumenda. Soluta non veritatis qui molestiae quis doloremque modi. Perferendis enim et laborum doloremque dolorum molestiae praesentium. Repellendus accusantium non ut esse.', 0, '2018-09-09 16:09:18', '2018-09-09 16:09:18'),
(227, 87, 'Lonnie Corwin', 'Aperiam quia esse et unde facilis. Sunt autem amet non. Eveniet ea doloremque modi expedita.', 0, '2018-09-09 16:09:18', '2018-09-09 16:09:18'),
(228, 41, 'Creola Pagac DDS', 'Voluptatum accusamus laudantium mollitia aut sed corporis quisquam. Sequi blanditiis adipisci et qui maiores odit. Mollitia expedita adipisci nobis cumque quia asperiores.', 2, '2018-09-09 16:09:18', '2018-09-09 16:09:18'),
(229, 93, 'Fidel Zboncak', 'Praesentium et eius tempore dolores cumque ut eius. Perferendis nihil reprehenderit consequatur. Repudiandae excepturi laboriosam cumque libero. Est voluptatem a quod est eligendi facere incidunt fuga.', 0, '2018-09-09 16:09:18', '2018-09-09 16:09:18'),
(230, 61, 'Jolie Rohan', 'Non consequatur mollitia aperiam harum eius. Possimus commodi dolor cupiditate eum. Explicabo et qui pariatur recusandae molestiae.', 5, '2018-09-09 16:09:18', '2018-09-09 16:09:18'),
(231, 86, 'Mollie Cummerata', 'Magni dolor praesentium sunt voluptatem. Ut illo iste recusandae enim. Et eveniet temporibus ut corrupti.', 3, '2018-09-09 16:09:18', '2018-09-09 16:09:18'),
(232, 36, 'Janelle Pouros PhD', 'Consequatur ut ea inventore nihil. Quia ea tenetur voluptatem accusamus. Nisi et reprehenderit velit sunt. Ut id sed expedita sapiente neque architecto.', 4, '2018-09-09 16:09:18', '2018-09-09 16:09:18'),
(233, 22, 'Bo Pacocha', 'Dolorum iste dicta suscipit nesciunt tenetur consequatur in. Voluptatem facilis et unde voluptatem qui vel temporibus minus. Tempora qui aliquam optio id quo omnis. Reiciendis velit beatae est architecto voluptas.', 3, '2018-09-09 16:09:18', '2018-09-09 16:09:18'),
(234, 63, 'Mr. Griffin Ferry II', 'Ut maxime ipsam error ullam necessitatibus et. Totam harum voluptates doloremque animi. Ipsam voluptas dicta aut iure distinctio maiores.', 0, '2018-09-09 16:09:18', '2018-09-09 16:09:18'),
(235, 52, 'Ulises Kunde', 'Consequatur amet in ea iste. Minima velit velit officia voluptatem. Voluptatem odit fugiat dicta dolor iure repellat quidem consectetur. Omnis nobis officia fuga aliquid est sunt.', 0, '2018-09-09 16:09:18', '2018-09-09 16:09:18'),
(236, 86, 'Lucius Haag', 'Repellendus tempore beatae aut illum consequatur libero facilis. Eligendi dolores et ab commodi at provident qui. Omnis illo voluptates facere tenetur.', 5, '2018-09-09 16:09:18', '2018-09-09 16:09:18'),
(237, 95, 'Trycia Heathcote', 'Quia velit in qui alias unde. Libero rerum voluptatem consequatur totam ut quae. Aliquid reprehenderit pariatur ut quae. Laudantium harum sequi culpa quo velit qui ut.', 3, '2018-09-09 16:09:18', '2018-09-09 16:09:18'),
(238, 67, 'Trace Bashirian', 'Consequatur consequatur ipsa et repellat veniam doloribus maxime. Consectetur mollitia blanditiis suscipit adipisci quibusdam. Ad doloribus eaque corrupti. Autem ea quae quas cupiditate accusantium in.', 4, '2018-09-09 16:09:18', '2018-09-09 16:09:18'),
(239, 85, 'Destin Labadie', 'Omnis illum omnis neque iure quisquam dolorum. Aut ratione expedita provident magni nulla ullam. Sit aut est veritatis dolorem veniam.', 3, '2018-09-09 16:09:18', '2018-09-09 16:09:18'),
(240, 88, 'Luna Wiegand', 'Nobis aut culpa inventore consequatur quia soluta. Sunt dolorem debitis nostrum et reprehenderit ipsum. Repellat vel quo est veritatis fuga distinctio. Culpa occaecati recusandae qui porro non ut sint.', 5, '2018-09-09 16:09:18', '2018-09-09 16:09:18'),
(241, 95, 'Mrs. Leatha Torp', 'Et corporis consectetur laboriosam aut esse iusto a. Sed ut ut aspernatur. Eum eum dignissimos est sint. Magnam a illum ratione aspernatur.', 1, '2018-09-09 16:09:18', '2018-09-09 16:09:18'),
(242, 10, 'Mr. Benny Weimann', 'Incidunt atque accusantium voluptatem. Enim temporibus tenetur laborum et. Est facilis harum perspiciatis veniam aperiam enim.', 2, '2018-09-09 16:09:18', '2018-09-09 16:09:18'),
(243, 56, 'Cordelia O\'Hara', 'Et facere commodi enim veniam quia laborum. Reprehenderit recusandae ad eum neque laboriosam quia commodi. Perferendis qui voluptates ipsum. Saepe labore suscipit et qui aut facere soluta.', 2, '2018-09-09 16:09:18', '2018-09-09 16:09:18'),
(244, 88, 'Miss Shaina Jacobi', 'Delectus deleniti rerum autem asperiores explicabo. Fuga facilis quasi in et. Provident et nisi est officia nemo velit.', 3, '2018-09-09 16:09:18', '2018-09-09 16:09:18'),
(245, 38, 'Ms. Tessie Olson IV', 'Aut sunt asperiores rerum sequi velit. Voluptatem sed at magni illo. Dolore suscipit totam sunt odit molestiae ipsum.', 1, '2018-09-09 16:09:18', '2018-09-09 16:09:18'),
(246, 4, 'Mr. Morgan Yundt', 'At aut assumenda qui sit hic. Repudiandae pariatur quisquam accusantium quidem repellendus ut. Est et rem odit cum fuga. Accusantium assumenda deserunt eaque nulla et.', 2, '2018-09-09 16:09:18', '2018-09-09 16:09:18'),
(247, 100, 'Rae Stamm', 'Voluptatum voluptatem earum qui quas sint ut. Quos id rerum non cupiditate similique non animi. Porro molestiae quia dolore magni laboriosam saepe quae quis. Et explicabo ut nesciunt cupiditate.', 4, '2018-09-09 16:09:18', '2018-09-09 16:09:18'),
(248, 99, 'Jefferey Hirthe', 'Unde soluta aliquid eum laboriosam est et. Aut cumque itaque sapiente sed rerum impedit pariatur et. Et corporis et fuga accusantium nemo suscipit. Expedita accusantium ut voluptate.', 3, '2018-09-09 16:09:18', '2018-09-09 16:09:18'),
(249, 7, 'Nathanael Hyatt', 'Dolorem a eos minima in aut incidunt esse. Omnis et id eaque est. Provident sed doloremque dolor est.', 3, '2018-09-09 16:09:18', '2018-09-09 16:09:18'),
(250, 74, 'Jazmin Leannon DVM', 'Perferendis ullam excepturi non doloremque. Sunt consequatur cupiditate suscipit non vitae ipsam et. Nihil ut tempora tenetur perspiciatis quibusdam ut est.', 2, '2018-09-09 16:09:18', '2018-09-09 16:09:18'),
(251, 45, 'Amalia Adams', 'Eaque eius rerum qui amet magni eos. Omnis aspernatur perferendis laudantium est laudantium quaerat. Explicabo voluptatem ut et consequatur ducimus at consequuntur. Iusto libero debitis consequatur officia.', 5, '2018-09-09 16:09:18', '2018-09-09 16:09:18'),
(252, 62, 'Kay Daugherty', 'Hic sit iure alias sit consequatur. Minus dolor nostrum recusandae veniam. Quis amet perspiciatis dolore quos.', 3, '2018-09-09 16:09:19', '2018-09-09 16:09:19'),
(253, 71, 'Titus Borer DVM', 'Non quaerat odit aut praesentium. Quod eum incidunt illo molestiae placeat ex. Officiis et facilis laudantium. Provident et dolor occaecati sit non cum ipsa. Dolores dignissimos libero explicabo cupiditate dolor ratione eveniet.', 4, '2018-09-09 16:09:19', '2018-09-09 16:09:19'),
(254, 92, 'Barney Klocko', 'Et iure et eligendi velit et sequi cum. Dolorem rerum sunt molestiae labore similique. Deserunt atque iste quos aut ratione ea doloribus temporibus. Numquam dicta sed minima ut quisquam. Est voluptas quo est soluta rerum enim.', 2, '2018-09-09 16:09:19', '2018-09-09 16:09:19'),
(255, 9, 'Dr. Brooklyn Koelpin I', 'Voluptatem itaque exercitationem sunt. Impedit quia nostrum natus fugiat perspiciatis ut. Officia asperiores unde dolores minima. Ex ullam accusantium veniam dolore omnis.', 4, '2018-09-09 16:09:19', '2018-09-09 16:09:19'),
(256, 31, 'Mariela Botsford', 'Non aut voluptates ad harum ut ea. Cumque ea amet aut. Eveniet omnis velit non fuga eum.', 2, '2018-09-09 16:09:19', '2018-09-09 16:09:19'),
(257, 40, 'Dr. Trudie Hansen', 'Nulla sit asperiores est repellendus. Ad tenetur et aut architecto nesciunt. Magnam impedit quia adipisci nihil maiores.', 0, '2018-09-09 16:09:19', '2018-09-09 16:09:19'),
(258, 13, 'Reinhold Dicki', 'Animi sint assumenda et eum. Error modi nostrum distinctio.', 3, '2018-09-09 16:09:19', '2018-09-09 16:09:19'),
(259, 78, 'Ross Murphy', 'Ad dolores quis amet quia quo vel necessitatibus iure. Distinctio atque dolore ipsum hic. Aspernatur officiis a occaecati voluptatum pariatur debitis omnis. Natus dolores ducimus dolorem iusto ex et numquam voluptatem.', 5, '2018-09-09 16:09:19', '2018-09-09 16:09:19'),
(260, 80, 'Vance Raynor', 'Quia voluptas delectus laudantium. Dolor aut voluptas eos accusantium autem. Necessitatibus natus ratione vel voluptates. Et aliquam non voluptatem atque et numquam. Velit numquam doloribus qui ab quod molestias.', 4, '2018-09-09 16:09:19', '2018-09-09 16:09:19'),
(261, 88, 'Prof. Eliza Kovacek', 'Reprehenderit id qui similique cumque et. Qui doloremque est tempore a est aut. Quo quisquam aperiam dignissimos dicta.', 5, '2018-09-09 16:09:19', '2018-09-09 16:09:19'),
(262, 15, 'Lyda Lakin', 'Nemo et nulla fuga qui. Ut officiis hic nihil ea explicabo. Sint corrupti provident similique. Dignissimos dolores necessitatibus omnis libero.', 2, '2018-09-09 16:09:19', '2018-09-09 16:09:19'),
(263, 38, 'Ken Hudson', 'Eius fuga exercitationem et occaecati. Perspiciatis sunt qui quam quam rerum. Nisi nihil eligendi officia quo omnis iusto blanditiis. Tempore cum aut qui quisquam assumenda quia voluptatum.', 3, '2018-09-09 16:09:19', '2018-09-09 16:09:19'),
(264, 93, 'Alyson Bruen MD', 'A necessitatibus beatae et qui laudantium non iste rerum. Rem voluptatum dolore modi fugit.', 2, '2018-09-09 16:09:19', '2018-09-09 16:09:19'),
(265, 34, 'Mr. Kenny Morissette Sr.', 'Saepe accusamus qui numquam qui delectus eveniet quas aperiam. Mollitia et rerum animi quo aut necessitatibus. Blanditiis distinctio atque aspernatur et. Asperiores quo ab et placeat ex.', 4, '2018-09-09 16:09:19', '2018-09-09 16:09:19'),
(266, 54, 'Prof. Stephan Schimmel', 'Aut sint voluptatum alias fugit. Consequuntur sed aspernatur fuga illum porro. Ad nesciunt et numquam velit ipsa exercitationem.', 4, '2018-09-09 16:09:19', '2018-09-09 16:09:19'),
(267, 4, 'Miss Sandy King V', 'Dolor sequi itaque dignissimos esse et voluptatem. Voluptatum neque blanditiis praesentium exercitationem. Adipisci quasi eum temporibus aliquid saepe ipsum repellendus velit.', 3, '2018-09-09 16:09:19', '2018-09-09 16:09:19'),
(268, 3, 'Miss Letha Terry', 'Beatae ratione recusandae et perferendis. Qui facilis eligendi quod error qui.', 4, '2018-09-09 16:09:19', '2018-09-09 16:09:19'),
(269, 37, 'Meghan Mayer', 'Beatae ipsa velit sit delectus dolores deserunt voluptatum. Tenetur ipsum culpa omnis voluptas debitis provident. Est illo et beatae quae dolor odit similique. Cupiditate sapiente ea qui assumenda veniam quia.', 3, '2018-09-09 16:09:19', '2018-09-09 16:09:19'),
(270, 79, 'Prof. Rowan Torphy DVM', 'Omnis eum nisi velit voluptas id rerum. Maiores sed unde et accusamus aliquam architecto. Aut totam quae est eligendi autem. Debitis necessitatibus error aliquid amet quidem voluptatem labore.', 5, '2018-09-09 16:09:19', '2018-09-09 16:09:19'),
(271, 56, 'Abigayle Hartmann I', 'Atque animi quia et dolorem. Natus et suscipit quam non voluptate. Hic ut delectus nihil ratione. Ratione est dolor error dolor consequatur.', 3, '2018-09-09 16:09:19', '2018-09-09 16:09:19'),
(272, 35, 'Terry Satterfield', 'Laboriosam voluptas numquam facere et. Dolorum pariatur et ut et magni enim assumenda. Quo rem iste pariatur numquam fugit.', 4, '2018-09-09 16:09:19', '2018-09-09 16:09:19'),
(273, 73, 'Carroll Klein Sr.', 'A doloremque inventore provident quae sint. In laborum quo ipsa fuga.', 4, '2018-09-09 16:09:19', '2018-09-09 16:09:19'),
(274, 16, 'Cristobal Zulauf', 'Facilis quo placeat debitis in provident voluptatibus distinctio. A sed porro esse laboriosam vero. Quidem neque veritatis sunt nostrum dolorum dicta.', 2, '2018-09-09 16:09:19', '2018-09-09 16:09:19'),
(275, 11, 'Blake Kilback', 'Omnis dolorem eum est iusto est voluptatem qui vel. Voluptatem nostrum cumque excepturi error veniam et nam est. Omnis voluptatem eum illo quo. Reiciendis distinctio aut rerum vero qui in.', 2, '2018-09-09 16:09:19', '2018-09-09 16:09:19'),
(276, 82, 'Vicenta Hill', 'Voluptate delectus quidem eos dicta veniam repellat. Ut nesciunt facilis voluptate explicabo nesciunt aut. Et amet non repellat quia sed incidunt iste.', 2, '2018-09-09 16:09:19', '2018-09-09 16:09:19'),
(277, 14, 'Ms. Elza Lind Jr.', 'Non molestias assumenda fugiat voluptate. Deserunt quisquam quisquam autem et ex. Qui quia velit qui ducimus eligendi. Necessitatibus dolorum ipsam modi maxime asperiores tempore optio rem.', 0, '2018-09-09 16:09:19', '2018-09-09 16:09:19'),
(278, 70, 'Janick Sporer', 'Quod dolores odit architecto omnis dignissimos quo aut. Dolores ea vel eos reprehenderit optio sit sed. Dolorem blanditiis cupiditate aut atque. Rem ut sed nemo aut soluta adipisci.', 2, '2018-09-09 16:09:19', '2018-09-09 16:09:19'),
(279, 48, 'Mrs. Constance Cormier DDS', 'Ex eum magni voluptas voluptates nemo. Quos nihil cupiditate doloribus quidem est est asperiores. Placeat a neque et repellendus deleniti doloribus accusamus omnis.', 3, '2018-09-09 16:09:19', '2018-09-09 16:09:19'),
(280, 76, 'Dr. Bonita Wisoky', 'Voluptatem at sunt est quia. Vel nam voluptates rem nobis illo.', 0, '2018-09-09 16:09:19', '2018-09-09 16:09:19'),
(281, 26, 'Marisol Sanford', 'Nemo accusantium soluta et recusandae. Enim et incidunt pariatur quisquam. Id illo molestiae dolore aut. Atque dolore occaecati officiis ab voluptate fuga.', 0, '2018-09-09 16:09:19', '2018-09-09 16:09:19'),
(282, 99, 'Jettie Stanton', 'Rerum consectetur deleniti cupiditate beatae. Beatae necessitatibus ex facilis est. Architecto id explicabo magni est. Repellat sunt nobis in dolorem.', 4, '2018-09-09 16:09:19', '2018-09-09 16:09:19'),
(283, 87, 'Prof. Gregory Metz Sr.', 'Rem illo fuga voluptates dolor. Et laudantium voluptas dignissimos autem reiciendis. Laudantium voluptatem voluptate provident maxime.', 0, '2018-09-09 16:09:19', '2018-09-09 16:09:19'),
(284, 25, 'Gertrude Lemke', 'Officiis et dolor sed labore qui earum quod cumque. Aut aut aliquid amet expedita eaque. Est voluptatibus exercitationem corporis similique voluptas voluptatum iusto. Fugiat nihil et fugiat dignissimos quis eius. Amet quis possimus officiis dicta.', 5, '2018-09-09 16:09:19', '2018-09-09 16:09:19'),
(285, 38, 'Wendy Goldner', 'Aut totam dolor error earum enim dolor est. Earum ullam magnam dolorem. Dolores voluptas sit velit et rem. Placeat odit eaque voluptatibus iusto laudantium sit. Itaque doloribus rerum sequi laboriosam velit.', 4, '2018-09-09 16:09:19', '2018-09-09 16:09:19'),
(286, 32, 'Mr. Geovany Heaney II', 'Iusto qui esse commodi nesciunt harum non. Et atque non dolores enim est a veritatis. Non nemo et debitis qui sunt.', 4, '2018-09-09 16:09:19', '2018-09-09 16:09:19'),
(287, 49, 'Brando D\'Amore', 'Rerum quibusdam voluptates in. Minima aliquam nisi alias laboriosam aut voluptatem pariatur. Est ut consequuntur nihil cumque consequuntur. Voluptas magni earum eos impedit veritatis.', 4, '2018-09-09 16:09:19', '2018-09-09 16:09:19'),
(288, 65, 'Tressie Gulgowski', 'Voluptatem ea est nihil optio amet nesciunt numquam. Labore consequuntur quo qui. Aspernatur et quasi repellat sed aut molestiae nisi. Eligendi tempora deserunt velit cupiditate error aliquid aut.', 3, '2018-09-09 16:09:19', '2018-09-09 16:09:19'),
(289, 11, 'Marjolaine Gusikowski', 'Id cumque soluta magnam recusandae ex delectus a. Debitis cum voluptatem corrupti labore repudiandae. Nobis voluptatem sed neque perspiciatis est est. Iure deserunt vero cumque unde qui est et.', 2, '2018-09-09 16:09:19', '2018-09-09 16:09:19'),
(290, 94, 'Rick Miller', 'Aut qui dolorem sed. Dolores nihil illum sed id. Sed consequatur aut id omnis sint est debitis doloribus.', 3, '2018-09-09 16:09:19', '2018-09-09 16:09:19'),
(291, 91, 'Zora Schaden', 'Consequuntur excepturi voluptatem aut asperiores corrupti provident temporibus. Nesciunt laborum repellat dolores et praesentium iste praesentium. Id adipisci ut qui et ullam omnis tempora. Sunt est nesciunt error repellat est numquam quidem repellat.', 2, '2018-09-09 16:09:19', '2018-09-09 16:09:19'),
(292, 2, 'Leone Cronin', 'Velit qui corporis minus nemo vero fugiat. Voluptatem iure sapiente voluptates quis. Est numquam deleniti in at. Fugit modi rerum inventore perspiciatis.', 2, '2018-09-09 16:09:19', '2018-09-09 16:09:19'),
(293, 81, 'Rick Hickle', 'Neque voluptatem qui labore. Sit nulla doloremque tempora quidem numquam minima quo. Provident sint nostrum magnam consectetur quaerat debitis. Ullam amet nesciunt quo et ut atque dolorem.', 1, '2018-09-09 16:09:19', '2018-09-09 16:09:19'),
(294, 40, 'Garrick Becker DVM', 'Voluptas debitis et aut ipsam exercitationem accusantium enim. Nam porro aut facilis facere sunt ea. Et velit laudantium adipisci similique nesciunt sapiente omnis.', 2, '2018-09-09 16:09:19', '2018-09-09 16:09:19'),
(295, 86, 'Miracle Erdman', 'Delectus inventore non pariatur. Est corporis rerum error eveniet. Expedita labore corrupti et ex ad commodi.', 2, '2018-09-09 16:09:19', '2018-09-09 16:09:19'),
(296, 74, 'Donavon Nitzsche', 'Consequatur quidem placeat aperiam est. Molestiae molestias esse tempora quod sit. Quia voluptas illo accusamus illo quia fugit voluptatum. Est ad sed ea distinctio. Explicabo atque voluptates ut.', 1, '2018-09-09 16:09:19', '2018-09-09 16:09:19'),
(297, 74, 'Mr. Justen Kautzer', 'Perspiciatis eligendi quia mollitia. Ex porro aspernatur ducimus commodi.', 2, '2018-09-09 16:09:19', '2018-09-09 16:09:19'),
(298, 69, 'Asia Stehr I', 'Odit ut ipsa ea fugiat cum est est. Voluptas aut dolores minima ullam distinctio aspernatur illo. Architecto perspiciatis facilis sint.', 2, '2018-09-09 16:09:19', '2018-09-09 16:09:19'),
(299, 20, 'Susanna Howell', 'Saepe omnis ut earum non omnis molestiae et. Cum aliquam molestiae inventore in quis. Nobis architecto illo excepturi sapiente consequatur consectetur.', 3, '2018-09-09 16:09:19', '2018-09-09 16:09:19'),
(300, 58, 'Prof. Mekhi Graham I', 'Nostrum reprehenderit voluptatum quis in possimus et sequi nihil. Consequuntur est necessitatibus voluptas quidem odit. Expedita voluptates et rem doloribus provident pariatur. Quos dicta porro provident ad expedita ratione cum.', 2, '2018-09-09 16:09:19', '2018-09-09 16:09:19');

-- --------------------------------------------------------

--
-- Estructura de tabla para la tabla `users`
--

CREATE TABLE `users` (
  `id` int(10) UNSIGNED NOT NULL,
  `name` varchar(255) COLLATE utf8mb4_unicode_ci NOT NULL,
  `email` varchar(255) COLLATE utf8mb4_unicode_ci NOT NULL,
  `email_verified_at` timestamp NULL DEFAULT NULL,
  `password` varchar(255) COLLATE utf8mb4_unicode_ci NOT NULL,
  `remember_token` varchar(100) COLLATE utf8mb4_unicode_ci DEFAULT NULL,
  `created_at` timestamp NULL DEFAULT NULL,
  `updated_at` timestamp NULL DEFAULT NULL
) ENGINE=InnoDB DEFAULT CHARSET=utf8mb4 COLLATE=utf8mb4_unicode_ci;

--
-- Índices para tablas volcadas
--

--
-- Indices de la tabla `migrations`
--
ALTER TABLE `migrations`
  ADD PRIMARY KEY (`id`);

--
-- Indices de la tabla `products`
--
ALTER TABLE `products`
  ADD PRIMARY KEY (`id`);

--
-- Indices de la tabla `reviews`
--
ALTER TABLE `reviews`
  ADD PRIMARY KEY (`id`),
  ADD KEY `reviews_product_id_index` (`product_id`);

--
-- Indices de la tabla `users`
--
ALTER TABLE `users`
  ADD PRIMARY KEY (`id`);

--
-- AUTO_INCREMENT de las tablas volcadas
--

--
-- AUTO_INCREMENT de la tabla `migrations`
--
ALTER TABLE `migrations`
  MODIFY `id` int(10) UNSIGNED NOT NULL AUTO_INCREMENT, AUTO_INCREMENT=3;

--
-- AUTO_INCREMENT de la tabla `products`
--
ALTER TABLE `products`
  MODIFY `id` int(10) UNSIGNED NOT NULL AUTO_INCREMENT, AUTO_INCREMENT=101;

--
-- AUTO_INCREMENT de la tabla `reviews`
--
ALTER TABLE `reviews`
  MODIFY `id` int(10) UNSIGNED NOT NULL AUTO_INCREMENT, AUTO_INCREMENT=301;

--
-- AUTO_INCREMENT de la tabla `users`
--
ALTER TABLE `users`
  MODIFY `id` int(10) UNSIGNED NOT NULL AUTO_INCREMENT;

--
-- Restricciones para tablas volcadas
--

--
-- Filtros para la tabla `reviews`
--
ALTER TABLE `reviews`
  ADD CONSTRAINT `reviews_product_id_foreign` FOREIGN KEY (`product_id`) REFERENCES `products` (`id`) ON DELETE CASCADE;
COMMIT;

/*!40101 SET CHARACTER_SET_CLIENT=@OLD_CHARACTER_SET_CLIENT */;
/*!40101 SET CHARACTER_SET_RESULTS=@OLD_CHARACTER_SET_RESULTS */;
/*!40101 SET COLLATION_CONNECTION=@OLD_COLLATION_CONNECTION */;
